Target No.,Receptor,Group,Group_AB,Protein,AFS,PS,SS,Coverage,TPS,Rank,In_shortlist,Exclusion_reason,BS_flag
6,αvβ3 integrin / ITGAV–ITGB3,2,A,MFGE8,0.6205921272127174,,0.985,2/3,0.8027960636063587,1,True,,High
6,αvβ3 integrin / ITGAV–ITGB3,3,A,THBS1,0.5143940362544176,,0.999,2/3,0.7566970181272088,2,True,,High
6,αvβ3 integrin / ITGAV–ITGB3,4,A,ITGB1,0.5055263753232279,,0.999,2/3,0.7522631876616138,3,True,,High
6,αvβ3 integrin / ITGAV–ITGB3,5,A,ITGA6,0.5622191579736671,,0.915,2/3,0.7386095789868335,4,True,,High
6,αvβ3 integrin / ITGAV–ITGB3,7,B,PGK1,0.7373216428734515,,,1/3,0.7373216428734515,5,False,coverage 1/3 (AFS-only) < 2/3 threshold,Low
16,ROR1,5,A,MFGE8,0.5907057706210792,0.8412121212121211,,2/3,0.7159589459166001,6,True,,High
6,αvβ3 integrin / ITGAV–ITGB3,1,A,FN1,0.4178405693003784,,0.999,2/3,0.7084202846501891,7,True,,High
6,αvβ3 integrin / ITGAV–ITGB3,10,B,ENO1,0.7023350155985557,,,1/3,0.7023350155985557,8,False,coverage 1/3 (AFS-only) < 2/3 threshold,Medium
6,αvβ3 integrin / ITGAV–ITGB3,9,B,LDHA,0.6398328801576909,,,1/3,0.6398328801576909,9,False,coverage 1/3 (AFS-only) < 2/3 threshold,Low
6,αvβ3 integrin / ITGAV–ITGB3,8,B,ALDOA,0.6398148108139572,,,1/3,0.6398148108139572,10,False,coverage 1/3 (AFS-only) < 2/3 threshold,Low
13,CD44,1,A,FN1,0.278694328502755,,0.999,2/3,0.6388471642513774,11,True,,High
2,EGFR,3,A,FN1,0.3248753062431472,,0.944,2/3,0.6344376531215736,12,True,,High
15,MET / c-MET,8,B,PGK1,0.664588173142931,0.5963636363636363,,2/3,0.6304759047532836,13,True,,Low
2,EGFR,6,B,GAPDH,0.2562380909259328,,0.955,2/3,0.6056190454629663,14,True,,Medium
5,ICAM1 / CD54,1,A,ITGB1,0.2396363527212077,,0.967,2/3,0.6033181763606038,15,True,,High
10,GPNMB,3,A,THBS1,0.1982884603196233,1.0,,2/3,0.5991442301598117,16,True,,High
17,RON / MST1R,5,A,THBS1,0.6584222296008606,0.5333333333333332,,2/3,0.5958777814670969,17,True,,High
19,IGF1R,9,B,PGK1,0.190288985325124,1.0,,2/3,0.595144492662562,18,True,,Low
13,CD44,4,A,THBS1,0.3454360558364661,0.5769696969696969,0.767,3/3,0.5631352509353876,19,True,,High
20,CXCR4,1,A,FN1,0.2637290195858565,,0.857,2/3,0.5603645097929282,20,True,,High
3,EpCAM / EPCAM,5,A,CD44,0.2265869822485463,0.4751515151515151,0.971,3/3,0.5575794991333538,21,True,,High
19,IGF1R,1,A,FN1,0.2293399644358635,,0.875,2/3,0.5521699822179318,22,True,,High
12,PD-L1 / CD274,10,B,TPI1,0.9308997725291264,0.1503030303030303,,2/3,0.5406014014160783,23,True,,Low
3,EpCAM / EPCAM,1,A,ANXA2,0.963858538498648,0.1721212121212121,0.469,3/3,0.5349932502066199,24,True,,Medium
5,ICAM1 / CD54,3,A,FN1,0.1497985749095227,,0.904,2/3,0.5268992874547614,25,True,,High
13,CD44,5,A,LGALS3BP,0.7544695742269375,0.2642424242424243,0.549,3/3,0.522570666156454,26,True,,High
4,Tissue Factor / F3,10,B,ALDOA,0.3606799458745305,0.6763636363636363,,2/3,0.5185217911190834,27,True,,Low
2,EGFR,1,A,ANXA2,0.2767300385170776,0.3127272727272727,0.958,3/3,0.5158191037481168,28,True,,Medium
19,IGF1R,3,A,ANXA2,0.2448343644132957,0.7539393939393939,,2/3,0.4993868791763447,29,True,,Medium
15,MET / c-MET,1,A,FN1,0.2372129327745619,,0.745,2/3,0.4911064663872809,30,True,,High
17,RON / MST1R,4,A,MFGE8,0.3721013263779922,0.606060606060606,,2/3,0.489080966219299,31,True,,High
4,Tissue Factor / F3,1,A,FN1,0.2469370975647152,,0.711,2/3,0.4789685487823576,32,True,,High
13,CD44,2,A,ITGB1,0.2517381371488561,0.2254545454545454,0.957,3/3,0.4780642275344671,33,True,,High
13,CD44,10,B,PKM,0.3063304391231785,0.1503030303030303,0.965,3/3,0.4738778231420696,34,True,,Low
20,CXCR4,5,A,ITGB1,0.3314457445069365,0.2521212121212121,0.819,3/3,0.4675223188760494,35,True,,High
2,EGFR,5,A,SDCBP,0.2548936225650591,0.2666666666666666,0.856,3/3,0.4591867630772419,36,True,,Medium
19,IGF1R,2,A,ITGB1,0.2849920498634852,0.2278787878787879,0.836,3/3,0.4496236125807576,37,True,,High
5,ICAM1 / CD54,5,A,THBS1,0.2251908898207584,,0.67,2/3,0.4475954449103791,38,True,,High
18,CSPG4,1,A,FN1,0.2373253801005681,,0.649,2/3,0.4431626900502841,39,True,,High
19,IGF1R,4,A,MFGE8,0.2258805279308576,0.6569696969696969,,2/3,0.4414251124502772,40,True,,High
3,EpCAM / EPCAM,3,A,SDCBP,0.289089185977816,0.5818181818181818,,2/3,0.4354536838979988,41,True,,Medium
20,CXCR4,9,B,ALDOA,0.3321468188571589,0.5333333333333332,,2/3,0.432740076095246,42,True,,Low
13,CD44,6,B,GAPDH,0.401874830075194,0.1503030303030303,0.745,3/3,0.4323926201260747,43,True,,Medium
14,AXL,5,A,LGALS3BP,0.2541232556503021,0.6084848484848484,,2/3,0.4313040520675752,44,True,,High
4,Tissue Factor / F3,2,A,THBS1,0.2669149400980778,0.3951515151515151,0.631,3/3,0.4310221517498642,45,True,,High
20,CXCR4,6,B,GAPDH,0.403921898272594,0.2351515151515152,0.635,3/3,0.4246911378080363,46,True,,Medium
1,TROP2 / TACSTD2,1,A,ANXA2,0.7172531315338526,0.1309090909090908,,2/3,0.4240811112214717,47,True,,Medium
1,TROP2 / TACSTD2,7,B,LDHA,0.6681488907444715,0.1672727272727272,,2/3,0.4177108090085993,48,True,,Low
12,PD-L1 / CD274,4,A,FN1,0.1835057944917566,,0.65,2/3,0.4167528972458783,49,True,,High
8,GLUT5 / SLC2A5,10,B,ENO1,0.3836358156275047,0.1212121212121212,0.745,3/3,0.4166159789465419,50,True,,Medium
3,EpCAM / EPCAM,4,A,FN1,0.2358130049766589,,0.581,2/3,0.4084065024883294,51,True,,High
8,GLUT5 / SLC2A5,2,A,BSG,0.6139103743247791,0.2012121212121213,,2/3,0.4075612477684502,52,True,,High
7,MUC1,4,A,MFGE8,0.1110563950945502,,0.702,2/3,0.4065281975472751,53,True,,High
15,MET / c-MET,5,A,HSP90AA1,0.344870250856325,0.1066666666666665,0.768,3/3,0.4065123058409972,54,True,,Medium
1,TROP2 / TACSTD2,8,B,PGK1,0.763746410788792,0.0484848484848484,,2/3,0.4061156296368202,55,True,,Low
5,ICAM1 / CD54,4,A,MFGE8,0.3092968351905494,0.0993939393939393,0.799,3/3,0.4025635915281629,56,True,,High
12,PD-L1 / CD274,9,B,PGK1,0.3371393928010822,0.4654545454545454,,2/3,0.4012969691278138,57,True,,Low
3,EpCAM / EPCAM,2,A,LGALS3BP,0.3984338554451618,0.3175757575757575,0.487,3/3,0.4010032043403064,58,True,,High
1,TROP2 / TACSTD2,2,A,LGALS3BP,0.3964938901474393,0.4048484848484849,,2/3,0.4006711874979621,59,True,,High
17,RON / MST1R,10,B,TKT,0.3494134476673327,0.4484848484848484,,2/3,0.3989491480760905,60,True,,Low
1,TROP2 / TACSTD2,5,A,MFGE8,0.2685244675700725,0.5284848484848483,,2/3,0.3985046580274604,61,True,,High
15,MET / c-MET,6,B,GAPDH,0.3367186645082275,0.286060606060606,0.568,3/3,0.3969264235229445,62,True,,Medium
4,Tissue Factor / F3,3,A,ANXA2,0.4690200499350865,0.0630303030303031,0.644,3/3,0.3920167843217965,63,True,,Medium
9,TEM8 / ANTXR1,5,A,ANXA2,0.6586283657002238,0.1163636363636364,,2/3,0.3874960010319301,64,True,,Medium
13,CD44,8,B,ALDOA,0.5096000325496846,0.2472727272727273,,2/3,0.3784363799112059,65,True,,Low
6,αvβ3 integrin / ITGAV–ITGB3,6,B,GAPDH,0.2825274389771045,,0.472,2/3,0.3772637194885522,66,True,,Medium
3,EpCAM / EPCAM,8,B,ENO1,0.3920231935245624,0.2909090909090909,0.448,3/3,0.376977428144551,67,True,,Medium
8,GLUT5 / SLC2A5,3,A,ANXA2,0.4680489069051979,0.2812121212121212,,2/3,0.3746305140586595,68,True,,Medium
3,EpCAM / EPCAM,6,B,GAPDH,0.2962242757090844,0.2351515151515152,0.591,3/3,0.3741252636201998,69,True,,Medium
9,TEM8 / ANTXR1,3,A,MFGE8,0.5865518897350315,0.155151515151515,,2/3,0.3708517024432732,70,True,,High
1,TROP2 / TACSTD2,6,B,GAPDH,0.6649098980999798,0.0727272727272727,,2/3,0.3688185854136263,71,True,,Medium
17,RON / MST1R,2,A,ITGB1,0.2944466633378653,0.4412121212121211,,2/3,0.3678293922749931,72,True,,High
9,TEM8 / ANTXR1,2,A,ITGB1,0.3513801776808217,0.269090909090909,0.481,3/3,0.3671570289239102,73,True,,High
7,MUC1,6,B,GAPDH,0.2243890623150005,,0.508,2/3,0.3661945311575003,74,True,,Medium
16,ROR1,10,B,TPI1,0.2381804035994905,0.48,,2/3,0.3590902017997452,75,True,,Low
15,MET / c-MET,4,A,LGALS3BP,0.3169483799865401,0.3999999999999999,,2/3,0.3584741899932699,76,True,,High
14,AXL,3,A,ANXA2,0.5173633425875402,0.1527272727272728,0.403,3/3,0.3576968717716043,77,True,,Medium
14,AXL,1,A,FN1,0.1792762916823684,,0.534,2/3,0.3566381458411842,78,True,,High
16,ROR1,9,B,PGK1,0.3047480910207282,0.4072727272727272,,2/3,0.3560104091467276,79,True,,Low
1,TROP2 / TACSTD2,10,B,ENO1,0.6401396275465637,0.0703030303030303,,2/3,0.355221328924797,80,True,,Medium
20,CXCR4,3,A,ANXA2,0.4476517634758534,0.0509090909090909,0.559,3/3,0.3525202847949814,81,True,,Medium
13,CD44,9,B,ENO1,0.3581483033155193,0.1963636363636364,0.495,3/3,0.3498373132263852,82,True,,Medium
16,ROR1,6,B,GAPDH,0.299994854734442,0.3975757575757576,,2/3,0.3487853061550998,83,True,,Medium
12,PD-L1 / CD274,7,B,ENO1,0.5265369887507587,0.1672727272727272,,2/3,0.346904858011743,84,True,,Medium
7,MUC1,3,A,FN1,0.1685766365089933,,0.52,2/3,0.3442883182544966,85,True,,High
16,ROR1,3,A,ANXA2,0.3346273079018495,0.3539393939393939,,2/3,0.3442833509206217,86,True,,Medium
13,CD44,3,A,MFGE8,0.2689233626701902,0.2327272727272726,0.522,3/3,0.3412168784658209,87,True,,High
4,Tissue Factor / F3,8,B,PGK1,0.3644269053207886,0.3175757575757575,,2/3,0.341001331448273,88,True,,Low
4,Tissue Factor / F3,7,B,LDHA,0.3591972006025224,0.32,,2/3,0.3395986003012612,89,True,,Low
7,MUC1,9,B,PGK1,0.3374210965883577,,,1/3,0.3374210965883577,90,False,coverage 1/3 (AFS-only) < 2/3 threshold,Low
8,GLUT5 / SLC2A5,4,A,LGALS3BP,0.3837618788264104,0.2884848484848484,,2/3,0.3361233636556294,91,True,,High
13,CD44,7,B,LDHA,0.3860296702102844,0.286060606060606,,2/3,0.3360451381354452,92,True,,Low
9,TEM8 / ANTXR1,4,A,THBS1,0.5351232293808581,0.1309090909090908,,2/3,0.3330161601449744,93,True,,High
20,CXCR4,7,B,LDHA,0.4054063849508011,0.2593939393939394,,2/3,0.3324001621723702,94,True,,Low
17,RON / MST1R,9,B,ENO1,0.3726772882836504,0.2884848484848484,,2/3,0.3305810683842494,95,True,,Medium
7,MUC1,5,A,THBS1,0.1269612340260384,,0.531,2/3,0.3289806170130192,96,True,,High
2,EGFR,9,B,TPI1,0.3574227287478661,0.0775757575757576,0.548,3/3,0.3276661621078746,97,True,,Low
16,ROR1,2,A,ITGB1,0.2739624554247626,0.3806060606060606,,2/3,0.3272842580154115,98,True,,High
2,EGFR,4,A,MFGE8,0.241731694622918,0.1818181818181817,0.554,3/3,0.3258499588136999,99,True,,High
14,AXL,4,A,MFGE8,0.2304089184557623,0.0412121212121212,0.704,3/3,0.3252070132226278,100,True,,High
15,MET / c-MET,7,B,LDHA,0.350461509693908,0.2957575757575758,,2/3,0.3231095427257419,101,True,,Low
12,PD-L1 / CD274,6,B,GAPDH,0.2882974756780485,0.0969696969696969,0.583,3/3,0.3227557242159151,102,True,,Medium
10,GPNMB,5,A,ANXA2,0.256403013849034,0.3878787878787878,,2/3,0.3221409008639109,103,True,,Medium
2,EGFR,7,B,LDHA,0.3519597478497375,0.16,0.451,3/3,0.3209865826165791,104,True,,Low
1,TROP2 / TACSTD2,9,B,ALDOA,0.5351948673371006,0.1066666666666665,,2/3,0.3209307670018836,105,True,,Low
4,Tissue Factor / F3,5,A,LGALS3BP,0.2854910411011973,0.3563636363636363,,2/3,0.3209273387324168,106,True,,High
18,CSPG4,3,A,MFGE8,0.1793974672899499,,0.461,2/3,0.320198733644975,107,True,,High
20,CXCR4,8,B,PKM,0.4035942332989086,0.2351515151515152,,2/3,0.3193728742252119,108,True,,Low
2,EGFR,8,B,PKM,0.2735450196245019,0.0775757575757576,0.606,3/3,0.3190402590667531,109,True,,Low
3,EpCAM / EPCAM,10,B,PKM,0.326921940749638,0.3103030303030303,,2/3,0.3186124855263341,110,True,,Low
12,PD-L1 / CD274,3,A,SDCBP,0.5426064402613892,0.0945454545454544,,2/3,0.3185759474034217,111,True,,Medium
19,IGF1R,6,B,GAPDH,0.2039582446868448,0.1503030303030303,0.6,3/3,0.3180870916632916,112,True,,Medium
3,EpCAM / EPCAM,9,B,EEF1A1,0.3080534614787121,0.3272727272727272,,2/3,0.3176630943757196,113,True,,Medium
8,GLUT5 / SLC2A5,6,B,GAPDH,0.3373380541836496,0.0993939393939393,0.494,3/3,0.3102439978591963,114,True,,Medium
15,MET / c-MET,10,B,ENO1,0.3689381590341895,0.2472727272727273,,2/3,0.3081054431534584,115,True,,Medium
11,LIV-1 / SLC39A6,1,A,SLC3A2,0.3437435830990298,0.2666666666666666,,2/3,0.3052051248828482,116,True,,High
17,RON / MST1R,7,B,ALDOA,0.3713996138006014,0.2375757575757575,,2/3,0.3044876856881794,117,True,,Low
10,GPNMB,10,B,TKT,0.2613962405627151,0.3466666666666667,,2/3,0.3040314536146909,118,True,,Low
15,MET / c-MET,9,B,ALDOA,0.3686286413495898,0.2375757575757575,,2/3,0.3031021994626736,119,True,,Low
5,ICAM1 / CD54,6,B,GAPDH,0.23382621512161,0.0048484848484848,0.663,3/3,0.3005582333233649,120,True,,Medium
2,EGFR,2,A,LGALS3BP,0.239182237585114,0.155151515151515,0.5,3/3,0.2981112509122097,121,True,,High
4,Tissue Factor / F3,9,B,TPI1,0.3752600564090075,0.2157575757575757,,2/3,0.2955088160832916,122,True,,Low
3,EpCAM / EPCAM,7,B,ALDOA,0.3232887404359847,0.2666666666666666,,2/3,0.2949777035513256,123,True,,Low
14,AXL,6,B,GAPDH,0.2141847879865379,0.1987878787878788,0.471,3/3,0.2946575555914722,124,True,,Medium
12,PD-L1 / CD274,8,B,LDHA,0.306474684252126,0.1624242424242424,0.407,3/3,0.2919663088921228,125,True,,Low
19,IGF1R,10,B,TPI1,0.3232417315578263,0.2593939393939394,,2/3,0.2913178354758828,126,True,,Low
20,CXCR4,2,A,LGALS3BP,0.3506383804062946,0.2278787878787879,,2/3,0.2892585841425412,127,True,,High
4,Tissue Factor / F3,4,A,MFGE8,0.3089630857568102,0.269090909090909,,2/3,0.2890269974238596,128,True,,High
11,LIV-1 / SLC39A6,3,A,ANXA2,0.2125188318219123,0.3587878787878787,,2/3,0.2856533553048955,129,True,,Medium
8,GLUT5 / SLC2A5,9,B,PGK1,0.3392050377403562,0.2303030303030302,,2/3,0.2847540340216932,130,True,,Low
8,GLUT5 / SLC2A5,1,A,SLC3A2,0.4283160133055467,0.1406060606060607,,2/3,0.2844610369558037,131,True,,High
9,TEM8 / ANTXR1,7,B,LDHA,0.3713363642778748,0.1842424242424242,,2/3,0.2777893942601495,132,True,,Low
12,PD-L1 / CD274,1,A,LGALS3BP,0.3178485901656203,0.2351515151515152,,2/3,0.2765000526585677,133,True,,High
12,PD-L1 / CD274,5,A,MFGE8,0.3795158471555598,0.1721212121212121,,2/3,0.2758185296383859,134,True,,High
17,RON / MST1R,1,A,FN1,0.2742970672343153,,,1/3,0.2742970672343153,135,False,coverage 1/3 (AFS-only) < 2/3 threshold,High
12,PD-L1 / CD274,2,A,ANXA2,0.4587847056479197,0.0848484848484848,,2/3,0.2718165952482022,136,True,,Medium
15,MET / c-MET,3,A,ANXA2,0.3613250006799563,0.1818181818181817,,2/3,0.271571591249069,137,True,,Medium
19,IGF1R,5,A,LGALS3BP,0.2053108367834824,0.3369696969696969,,2/3,0.2711402668765896,138,True,,High
14,AXL,2,A,ITGB1,0.2909726923898724,0.2448484848484848,,2/3,0.2679105886191786,139,True,,High
11,LIV-1 / SLC39A6,9,B,ALDOA,0.267394007460381,,,1/3,0.267394007460381,140,False,coverage 1/3 (AFS-only) < 2/3 threshold,Low
14,AXL,9,B,TPI1,0.2551612841813411,0.2763636363636363,,2/3,0.2657624602724887,141,True,,Low
9,TEM8 / ANTXR1,6,B,GAPDH,0.3017078844484792,0.2254545454545454,,2/3,0.2635812149515123,142,True,,Medium
20,CXCR4,4,A,MFGE8,0.2539664733021068,0.2715151515151515,,2/3,0.2627408124086292,143,True,,High
19,IGF1R,8,B,LDHA,0.2224198552497216,0.303030303030303,,2/3,0.2627250791400123,144,True,,Low
5,ICAM1 / CD54,2,A,ITGA6,0.2743495143535716,0.0824242424242424,0.426,3/3,0.2609245855926047,145,True,,High
14,AXL,8,B,LDHA,0.2312875453132982,0.286060606060606,,2/3,0.2586740756869521,146,True,,Low
17,RON / MST1R,6,B,GAPDH,0.3718167809679071,0.1454545454545454,,2/3,0.2586356632112263,147,True,,Medium
5,ICAM1 / CD54,10,B,TKT,0.4946265133625699,0.0,,2/3,0.2473132566812849,148,True,,Low
10,GPNMB,1,A,LGALS3BP,0.2504265952905417,0.24,,2/3,0.2452132976452708,149,True,,High
17,RON / MST1R,3,A,ANXA2,0.3534385931307151,0.1333333333333333,,2/3,0.2433859632320242,150,True,,Medium
16,ROR1,4,A,LGALS3BP,0.2829581847847644,0.1987878787878788,,2/3,0.2408730317863215,151,True,,High
19,IGF1R,7,B,ENO1,0.2467257673678229,0.2327272727272726,,2/3,0.2397265200475477,152,True,,Medium
17,RON / MST1R,8,B,LDHA,0.3985236230107806,0.08,,2/3,0.2392618115053903,153,True,,Low
9,TEM8 / ANTXR1,10,B,ALDOA,0.2697392958660355,0.2084848484848485,,2/3,0.239112072175442,154,True,,Low
9,TEM8 / ANTXR1,8,B,PKM,0.4081922914037214,0.0654545454545455,,2/3,0.2368234184291334,155,True,,Low
11,LIV-1 / SLC39A6,5,A,SDCBP,0.1380974841208673,0.3272727272727272,,2/3,0.2326851056967972,156,True,,Medium
16,ROR1,8,B,PKM,0.2881713171913863,0.1745454545454545,,2/3,0.2313583858684204,157,True,,Low
10,GPNMB,9,B,ENO1,0.3017460156777046,0.16,,2/3,0.2308730078388522,158,True,,Medium
1,TROP2 / TACSTD2,3,A,SDCBP,0.3380501678387828,0.1163636363636364,,2/3,0.2272069021012096,159,True,,Medium
18,CSPG4,6,B,GAPDH,0.2270537402343604,,,1/3,0.2270537402343603,160,False,coverage 1/3 (AFS-only) < 2/3 threshold,Medium
11,LIV-1 / SLC39A6,7,B,LDHA,0.2930825003304694,0.1575757575757576,,2/3,0.2253291289531135,161,True,,Low
11,LIV-1 / SLC39A6,6,B,GAPDH,0.2345391582865098,0.2157575757575757,,2/3,0.2251483670220427,162,True,,Medium
8,GLUT5 / SLC2A5,8,B,ALDOA,0.2932815479095304,0.155151515151515,,2/3,0.2242165315305227,163,True,,Low
18,CSPG4,2,A,THBS1,0.2196339998526085,,,1/3,0.2196339998526085,164,False,coverage 1/3 (AFS-only) < 2/3 threshold,High
4,Tissue Factor / F3,6,B,GAPDH,0.3733037337581656,0.0630303030303031,,2/3,0.2181670183942343,165,True,,Medium
18,CSPG4,5,A,LGALS3BP,0.2147857056385032,,,1/3,0.2147857056385032,166,False,coverage 1/3 (AFS-only) < 2/3 threshold,High
18,CSPG4,7,B,LDHA,0.2132922847003245,,,1/3,0.2132922847003245,167,False,coverage 1/3 (AFS-only) < 2/3 threshold,Low
9,TEM8 / ANTXR1,9,B,TPI1,0.2990100277490108,0.1260606060606061,,2/3,0.2125353169048084,168,True,,Low
9,TEM8 / ANTXR1,1,A,FN1,0.2113687699824363,,,1/3,0.2113687699824362,169,False,coverage 1/3 (AFS-only) < 2/3 threshold,High
20,CXCR4,10,B,ENO1,0.3119526982527539,0.1090909090909091,,2/3,0.2105218036718315,170,True,,Medium
1,TROP2 / TACSTD2,4,A,FN1,0.209451656969877,,,1/3,0.2094516569698769,171,False,coverage 1/3 (AFS-only) < 2/3 threshold,High
18,CSPG4,10,B,ALDOA,0.2064947049861787,,,1/3,0.2064947049861786,172,False,coverage 1/3 (AFS-only) < 2/3 threshold,Low
10,GPNMB,4,A,MFGE8,0.2681097917891121,0.1430303030303029,,2/3,0.2055700474097074,173,True,,High
5,ICAM1 / CD54,7,B,LDHA,0.2854686828561039,0.1236363636363636,,2/3,0.2045525232462337,174,True,,Low
11,LIV-1 / SLC39A6,4,A,LGALS3BP,0.257734894209319,0.1503030303030303,,2/3,0.2040189622561746,175,True,,High
8,GLUT5 / SLC2A5,7,B,LDHA,0.3414739459565583,0.0654545454545455,,2/3,0.2034642457055518,176,True,,Low
8,GLUT5 / SLC2A5,5,A,SDCBP,0.3427925473113627,0.0557575757575758,,2/3,0.1992750615344692,177,True,,Medium
18,CSPG4,8,B,PGK1,0.1981046379393533,,,1/3,0.1981046379393533,178,False,coverage 1/3 (AFS-only) < 2/3 threshold,Low
15,MET / c-MET,2,A,ITGB1,0.262796696470259,0.1333333333333333,,2/3,0.1980650149017961,179,True,,High
14,AXL,7,B,PGK1,0.2479911159641898,0.1430303030303029,,2/3,0.1955107094972463,180,True,,Low
10,GPNMB,6,B,GAPDH,0.2112003848135142,0.176969696969697,,2/3,0.1940850408916056,181,True,,Medium
18,CSPG4,9,B,PKM,0.1866028093521001,,,1/3,0.1866028093521001,182,False,coverage 1/3 (AFS-only) < 2/3 threshold,Low
11,LIV-1 / SLC39A6,10,B,PKM,0.3126956904468624,0.0581818181818181,,2/3,0.1854387543143402,183,True,,Low
16,ROR1,7,B,LDHA,0.2651707348141696,0.1042424242424243,,2/3,0.1847065795282969,184,True,,Low
10,GPNMB,2,A,FN1,0.1831910782942121,,,1/3,0.1831910782942121,185,False,coverage 1/3 (AFS-only) < 2/3 threshold,High
18,CSPG4,4,A,ITGB1,0.1830483887659706,,,1/3,0.1830483887659706,186,False,coverage 1/3 (AFS-only) < 2/3 threshold,High
11,LIV-1 / SLC39A6,8,B,PGK1,0.2590976586338357,0.0921212121212121,,2/3,0.1756094353775239,187,True,,Low
16,ROR1,1,A,FN1,0.1651906311202979,,,1/3,0.1651906311202979,188,False,coverage 1/3 (AFS-only) < 2/3 threshold,High
2,EGFR,10,B,PGK1,0.2512088894239167,0.0630303030303031,,2/3,0.1571195962271099,189,True,,Low
10,GPNMB,7,B,PGK1,0.2359098427363385,0.0630303030303031,,2/3,0.1494700728833208,190,True,,Low
11,LIV-1 / SLC39A6,2,A,BSG,0.1716569958868829,0.1260606060606061,,2/3,0.1488588009737445,191,True,,High
10,GPNMB,8,B,ALDOA,0.2349876659586797,0.0533333333333333,,2/3,0.1441604996460065,192,True,,Low
14,AXL,10,B,ALDOA,0.2305196153698319,0.0484848484848484,,2/3,0.1395022319273401,193,True,,Low
5,ICAM1 / CD54,8,B,ENO1,0.2728797487980177,0.0,,2/3,0.1364398743990088,194,True,,Medium
7,MUC1,7,B,PKM,0.136000335416327,,,1/3,0.136000335416327,195,False,coverage 1/3 (AFS-only) < 2/3 threshold,Low
5,ICAM1 / CD54,9,B,PKM,0.2657660193460677,0.0,,2/3,0.1328830096730338,196,True,,Low
7,MUC1,1,A,LGALS3BP,0.1313705490822194,,,1/3,0.1313705490822194,197,False,coverage 1/3 (AFS-only) < 2/3 threshold,High
7,MUC1,8,B,TPI1,0.1182147603239901,,,1/3,0.1182147603239901,198,False,coverage 1/3 (AFS-only) < 2/3 threshold,Low
7,MUC1,10,B,EEF1A1,0.117152580305113,,,1/3,0.117152580305113,199,False,coverage 1/3 (AFS-only) < 2/3 threshold,Medium
7,MUC1,2,A,ANXA2,0.1062144700143487,,,1/3,0.1062144700143487,200,False,coverage 1/3 (AFS-only) < 2/3 threshold,Medium
