Target No.,Receptor,Group,Protein,top10_freq,top20_freq,median_rank,rank_min,rank_max,rank_range
3,EpCAM / EPCAM,1,ANXA2,1.0,1.0,1,1,2,1
12,PD-L1 / CD274,10,TPI1,1.0,1.0,2,1,2,1
6,αvβ3 integrin / ITGAV–ITGB3,7,PGK1,1.0,1.0,3,3,9,6
1,TROP2 / TACSTD2,8,PGK1,0.954,1.0,4,3,16,13
6,αvβ3 integrin / ITGAV–ITGB3,10,ENO1,0.998,1.0,5,4,11,7
6,αvβ3 integrin / ITGAV–ITGB3,9,LDHA,0.934,1.0,7,5,12,7
6,αvβ3 integrin / ITGAV–ITGB3,8,ALDOA,0.751,1.0,8,5,13,8
13,CD44,5,LGALS3BP,0.675,1.0,8,5,16,11
6,αvβ3 integrin / ITGAV–ITGB3,2,MFGE8,0.496,1.0,11,8,19,11
9,TEM8 / ANTXR1,5,ANXA2,0.037,1.0,14,9,17,8
15,MET / c-MET,8,PGK1,0.041,1.0,14,8,17,9
1,TROP2 / TACSTD2,1,ANXA2,0.736,0.998,8,4,21,17
8,GLUT5 / SLC2A5,2,BSG,0.0,0.993,17,15,21,6
1,TROP2 / TACSTD2,7,LDHA,0.369,0.893,11,5,27,22
1,TROP2 / TACSTD2,6,GAPDH,0.384,0.873,12,5,28,23
9,TEM8 / ANTXR1,3,MFGE8,0.0,0.852,19,14,25,11
17,RON / MST1R,5,THBS1,0.258,0.843,16,4,30,26
1,TROP2 / TACSTD2,10,ENO1,0.275,0.814,13,6,31,25
1,TROP2 / TACSTD2,9,ALDOA,0.05,0.55,20,8,78,70
12,PD-L1 / CD274,7,ENO1,0.0,0.502,20,14,37,23
16,ROR1,5,MFGE8,0.041,0.496,21,10,35,25
6,αvβ3 integrin / ITGAV–ITGB3,5,ITGA6,0.0,0.441,21,11,39,28
6,αvβ3 integrin / ITGAV–ITGB3,4,ITGB1,0.0,0.264,23,12,51,39
9,TEM8 / ANTXR1,4,THBS1,0.0,0.135,26,13,57,44
6,αvβ3 integrin / ITGAV–ITGB3,3,THBS1,0.0,0.111,26,15,74,59
12,PD-L1 / CD274,3,SDCBP,0.0,0.087,23,18,33,15
3,EpCAM / EPCAM,8,ENO1,0.0,0.085,33,20,123,103
5,ICAM1 / CD54,10,TKT,0.0,0.057,27,19,33,14
14,AXL,3,ANXA2,0.0,0.004,25,20,33,13
13,CD44,8,ALDOA,0.0,0.0,29,26,44,18
8,GLUT5 / SLC2A5,3,ANXA2,0.0,0.0,30,27,34,7
12,PD-L1 / CD274,2,ANXA2,0.0,0.0,31,26,42,16
4,Tissue Factor / F3,3,ANXA2,0.0,0.0,32,25,60,35
9,TEM8 / ANTXR1,8,PKM,0.0,0.0,34,23,99,76
8,GLUT5 / SLC2A5,1,SLC3A2,0.0,0.0,36,33,47,14
20,CXCR4,3,ANXA2,0.0,0.0,37,33,61,28
4,Tissue Factor / F3,8,PGK1,0.0,0.0,38,21,150,129
17,RON / MST1R,8,LDHA,0.0,0.0,38,28,64,36
6,αvβ3 integrin / ITGAV–ITGB3,1,FN1,0.0,0.0,39,22,110,88
12,PD-L1 / CD274,9,PGK1,0.0,0.0,43,22,181,159
8,GLUT5 / SLC2A5,10,ENO1,0.0,0.0,45,32,84,52
15,MET / c-MET,9,ALDOA,0.0,0.0,45,34,77,43
15,MET / c-MET,10,ENO1,0.0,0.0,46,35,78,43
15,MET / c-MET,3,ANXA2,0.0,0.0,49,38,84,46
17,RON / MST1R,7,ALDOA,0.0,0.0,50,38,87,49
1,TROP2 / TACSTD2,2,LGALS3BP,0.0,0.0,51,37,79,42
4,Tissue Factor / F3,10,ALDOA,0.0,0.0,51,31,157,126
9,TEM8 / ANTXR1,7,LDHA,0.0,0.0,51,36,103,67
12,PD-L1 / CD274,5,MFGE8,0.0,0.0,51,37,99,62
4,Tissue Factor / F3,9,TPI1,0.0,0.0,53,34,107,73
2,EGFR,9,TPI1,0.0,0.0,54,36,87,51
3,EpCAM / EPCAM,2,LGALS3BP,0.0,0.0,54,41,77,36
15,MET / c-MET,7,LDHA,0.0,0.0,54,43,106,63
17,RON / MST1R,4,MFGE8,0.0,0.0,54,38,71,33
17,RON / MST1R,6,GAPDH,0.0,0.0,56,41,96,55
4,Tissue Factor / F3,6,GAPDH,0.0,0.0,57,39,130,91
8,GLUT5 / SLC2A5,4,LGALS3BP,0.0,0.0,57,45,74,29
17,RON / MST1R,9,ENO1,0.0,0.0,57,35,88,53
20,CXCR4,7,LDHA,0.0,0.0,58,43,81,38
17,RON / MST1R,3,ANXA2,0.0,0.0,59,45,86,41
2,EGFR,7,LDHA,0.0,0.0,60,34,99,65
20,CXCR4,6,GAPDH,0.0,0.0,63,54,76,22
20,CXCR4,8,PKM,0.0,0.0,65,55,77,22
15,MET / c-MET,6,GAPDH,0.0,0.0,67,47,120,73
3,EpCAM / EPCAM,10,PKM,0.0,0.0,68,38,153,115
8,GLUT5 / SLC2A5,7,LDHA,0.0,0.0,68,56,126,70
4,Tissue Factor / F3,7,LDHA,0.0,0.0,69,37,167,130
13,CD44,6,GAPDH,0.0,0.0,69,48,95,47
17,RON / MST1R,10,TKT,0.0,0.0,70,31,98,67
8,GLUT5 / SLC2A5,6,GAPDH,0.0,0.0,72,55,136,81
1,TROP2 / TACSTD2,3,SDCBP,0.0,0.0,76,39,178,139
9,TEM8 / ANTXR1,2,ITGB1,0.0,0.0,76,43,100,57
13,CD44,9,ENO1,0.0,0.0,76,43,123,80
8,GLUT5 / SLC2A5,9,PGK1,0.0,0.0,77,58,131,73
15,MET / c-MET,5,HSP90AA1,0.0,0.0,77,58,91,33
12,PD-L1 / CD274,8,LDHA,0.0,0.0,78,43,191,148
13,CD44,7,LDHA,0.0,0.0,78,56,110,54
3,EpCAM / EPCAM,7,ALDOA,0.0,0.0,79,55,178,123
7,MUC1,9,PGK1,0.0,0.0,79,23,165,142
8,GLUT5 / SLC2A5,5,SDCBP,0.0,0.0,79,46,157,111
13,CD44,4,THBS1,0.0,0.0,80,34,136,102
19,IGF1R,10,TPI1,0.0,0.0,80,38,110,72
20,CXCR4,2,LGALS3BP,0.0,0.0,80,60,103,43
12,PD-L1 / CD274,6,GAPDH,0.0,0.0,82,44,199,155
2,EGFR,3,FN1,0.0,0.0,85,25,142,117
20,CXCR4,5,ITGB1,0.0,0.0,86,71,105,34
15,MET / c-MET,4,LGALS3BP,0.0,0.0,89,74,112,38
12,PD-L1 / CD274,1,LGALS3BP,0.0,0.0,90,81,118,37
3,EpCAM / EPCAM,6,GAPDH,0.0,0.0,91,62,195,133
5,ICAM1 / CD54,4,MFGE8,0.0,0.0,91,62,125,63
9,TEM8 / ANTXR1,6,GAPDH,0.0,0.0,91,62,188,126
3,EpCAM / EPCAM,9,EEF1A1,0.0,0.0,94,64,128,64
6,αvβ3 integrin / ITGAV–ITGB3,6,GAPDH,0.0,0.0,94,84,106,22
9,TEM8 / ANTXR1,9,TPI1,0.0,0.0,97,66,189,123
10,GPNMB,9,ENO1,0.0,0.0,97,82,119,37
13,CD44,10,PKM,0.0,0.0,98,58,175,117
16,ROR1,3,ANXA2,0.0,0.0,98,66,113,47
4,Tissue Factor / F3,4,MFGE8,0.0,0.0,100,83,131,48
20,CXCR4,9,ALDOA,0.0,0.0,100,85,148,63
20,CXCR4,10,ENO1,0.0,0.0,100,79,153,74
8,GLUT5 / SLC2A5,8,ALDOA,0.0,0.0,103,82,143,61
13,CD44,1,FN1,0.0,0.0,103,29,162,133
5,ICAM1 / CD54,7,LDHA,0.0,0.0,104,49,152,103
11,LIV-1 / SLC39A6,1,SLC3A2,0.0,0.0,104,41,182,141
11,LIV-1 / SLC39A6,10,PKM,0.0,0.0,106,52,180,128
9,TEM8 / ANTXR1,10,ALDOA,0.0,0.0,107,73,198,125
4,Tissue Factor / F3,5,LGALS3BP,0.0,0.0,108,90,155,65
14,AXL,2,ITGB1,0.0,0.0,114,57,143,86
5,ICAM1 / CD54,8,ENO1,0.0,0.0,115,52,186,134
16,ROR1,9,PGK1,0.0,0.0,115,90,163,73
16,ROR1,4,LGALS3BP,0.0,0.0,116,97,160,63
16,ROR1,6,GAPDH,0.0,0.0,117,106,145,39
2,EGFR,8,PKM,0.0,0.0,118,79,162,83
5,ICAM1 / CD54,2,ITGA6,0.0,0.0,118,92,166,74
17,RON / MST1R,1,FN1,0.0,0.0,118,39,161,122
20,CXCR4,1,FN1,0.0,0.0,118,33,166,133
5,ICAM1 / CD54,9,PKM,0.0,0.0,119,75,188,113
2,EGFR,1,ANXA2,0.0,0.0,120,92,169,77
3,EpCAM / EPCAM,3,SDCBP,0.0,0.0,120,91,181,90
4,Tissue Factor / F3,1,FN1,0.0,0.0,122,35,174,139
19,IGF1R,2,ITGB1,0.0,0.0,122,56,152,96
16,ROR1,2,ITGB1,0.0,0.0,123,102,166,64
16,ROR1,8,PKM,0.0,0.0,123,88,176,88
17,RON / MST1R,2,ITGB1,0.0,0.0,124,111,151,40
4,Tissue Factor / F3,2,THBS1,0.0,0.0,126,85,158,73
15,MET / c-MET,2,ITGB1,0.0,0.0,127,110,167,57
2,EGFR,10,PGK1,0.0,0.0,128,90,180,90
10,GPNMB,10,TKT,0.0,0.0,128,82,197,115
2,EGFR,6,GAPDH,0.0,0.0,129,69,183,114
10,GPNMB,4,MFGE8,0.0,0.0,130,109,168,59
2,EGFR,5,SDCBP,0.0,0.0,131,109,154,45
3,EpCAM / EPCAM,4,FN1,0.0,0.0,131,38,178,140
13,CD44,3,MFGE8,0.0,0.0,133,90,168,78
14,AXL,9,TPI1,0.0,0.0,134,104,172,68
16,ROR1,7,LDHA,0.0,0.0,135,114,182,68
10,GPNMB,5,ANXA2,0.0,0.0,137,119,172,53
19,IGF1R,3,ANXA2,0.0,0.0,140,105,163,58
11,LIV-1 / SLC39A6,7,LDHA,0.0,0.0,142,78,186,108
1,TROP2 / TACSTD2,5,MFGE8,0.0,0.0,143,105,168,63
18,CSPG4,1,FN1,0.0,0.0,143,40,182,142
14,AXL,7,PGK1,0.0,0.0,144,118,187,69
5,ICAM1 / CD54,6,GAPDH,0.0,0.0,145,72,198,126
18,CSPG4,6,GAPDH,0.0,0.0,145,56,178,122
20,CXCR4,4,MFGE8,0.0,0.0,145,107,179,72
10,GPNMB,1,LGALS3BP,0.0,0.0,146,132,166,34
19,IGF1R,7,ENO1,0.0,0.0,146,111,165,54
2,EGFR,2,LGALS3BP,0.0,0.0,147,122,162,40
2,EGFR,4,MFGE8,0.0,0.0,148,116,181,65
14,AXL,5,LGALS3BP,0.0,0.0,148,131,168,37
13,CD44,2,ITGB1,0.0,0.0,149,117,183,66
15,MET / c-MET,1,FN1,0.0,0.0,149,55,174,119
19,IGF1R,1,FN1,0.0,0.0,150,49,177,128
10,GPNMB,8,ALDOA,0.0,0.0,151,119,192,73
5,ICAM1 / CD54,1,ITGB1,0.0,0.0,153,108,178,70
14,AXL,8,LDHA,0.0,0.0,154,111,195,84
14,AXL,4,MFGE8,0.0,0.0,155,126,180,54
18,CSPG4,7,LDHA,0.0,0.0,155,69,183,114
9,TEM8 / ANTXR1,1,FN1,0.0,0.0,157,46,183,137
11,LIV-1 / SLC39A6,4,LGALS3BP,0.0,0.0,157,102,188,86
19,IGF1R,8,LDHA,0.0,0.0,157,127,178,51
14,AXL,10,ALDOA,0.0,0.0,158,112,198,86
10,GPNMB,7,PGK1,0.0,0.0,159,128,193,65
19,IGF1R,4,MFGE8,0.0,0.0,159,142,178,36
1,TROP2 / TACSTD2,4,FN1,0.0,0.0,160,48,185,137
7,MUC1,6,GAPDH,0.0,0.0,160,38,189,151
11,LIV-1 / SLC39A6,9,ALDOA,0.0,0.0,161,93,190,97
18,CSPG4,2,THBS1,0.0,0.0,162,63,176,113
18,CSPG4,10,ALDOA,0.0,0.0,162,82,183,101
5,ICAM1 / CD54,5,THBS1,0.0,0.0,163,127,182,55
16,ROR1,10,TPI1,0.0,0.0,164,144,184,40
18,CSPG4,5,LGALS3BP,0.0,0.0,164,61,181,120
18,CSPG4,8,PGK1,0.0,0.0,169,83,191,108
11,LIV-1 / SLC39A6,8,PGK1,0.0,0.0,170,91,196,105
14,AXL,6,GAPDH,0.0,0.0,171,117,200,83
3,EpCAM / EPCAM,5,CD44,0.0,0.0,172,34,199,165
19,IGF1R,5,LGALS3BP,0.0,0.0,173,131,181,50
10,GPNMB,6,GAPDH,0.0,0.0,174,127,200,73
19,IGF1R,6,GAPDH,0.0,0.0,175,137,195,58
12,PD-L1 / CD274,4,FN1,0.0,0.0,176,90,193,103
18,CSPG4,9,PKM,0.0,0.0,176,107,191,84
10,GPNMB,3,THBS1,0.0,0.0,179,152,192,40
14,AXL,1,FN1,0.0,0.0,179,68,193,125
10,GPNMB,2,FN1,0.0,0.0,180,62,188,126
18,CSPG4,3,MFGE8,0.0,0.0,180,91,194,103
18,CSPG4,4,ITGB1,0.0,0.0,180,105,189,84
19,IGF1R,9,PGK1,0.0,0.0,181,159,196,37
11,LIV-1 / SLC39A6,6,GAPDH,0.0,0.0,184,114,198,84
16,ROR1,1,FN1,0.0,0.0,185,95,195,100
7,MUC1,3,FN1,0.0,0.0,186,57,195,138
5,ICAM1 / CD54,3,FN1,0.0,0.0,188,115,199,84
11,LIV-1 / SLC39A6,3,ANXA2,0.0,0.0,189,122,200,78
7,MUC1,7,PKM,0.0,0.0,192,156,199,43
7,MUC1,5,THBS1,0.0,0.0,193,162,200,38
11,LIV-1 / SLC39A6,2,BSG,0.0,0.0,193,169,200,31
7,MUC1,1,LGALS3BP,0.0,0.0,194,124,197,73
7,MUC1,8,TPI1,0.0,0.0,196,109,200,91
11,LIV-1 / SLC39A6,5,SDCBP,0.0,0.0,196,137,200,63
7,MUC1,4,MFGE8,0.0,0.0,197,119,200,81
7,MUC1,10,EEF1A1,0.0,0.0,197,116,199,83
7,MUC1,2,ANXA2,0.0,0.0,199,160,200,40
