gene,uniprot_id,alphafold_version,pdb_url,status,file,error
CD63,P08962,6,https://alphafold.ebi.ac.uk/files/AF-P08962-F1-model_v6.pdb,SUCCESS,ExoCarta_PDB_Files\CD63_P08962.pdb,
CD9,P21926,6,https://alphafold.ebi.ac.uk/files/AF-P21926-F1-model_v6.pdb,SUCCESS,ExoCarta_PDB_Files\CD9_P21926.pdb,
TSG101,Q99816,6,https://alphafold.ebi.ac.uk/files/AF-Q99816-F1-model_v6.pdb,SUCCESS,ExoCarta_PDB_Files\TSG101_Q99816.pdb,
PDCD6IP,Q8WUM4,6,https://alphafold.ebi.ac.uk/files/AF-Q8WUM4-F1-model_v6.pdb,SUCCESS,ExoCarta_PDB_Files\PDCD6IP_Q8WUM4.pdb,
CD81,P60033,6,https://alphafold.ebi.ac.uk/files/AF-P60033-F1-model_v6.pdb,SUCCESS,ExoCarta_PDB_Files\CD81_P60033.pdb,
GAPDH,P04406,6,https://alphafold.ebi.ac.uk/files/AF-P04406-F1-model_v6.pdb,SUCCESS,ExoCarta_PDB_Files\GAPDH_P04406.pdb,
FLOT1,O75955,6,https://alphafold.ebi.ac.uk/files/AF-O75955-F1-model_v6.pdb,SUCCESS,ExoCarta_PDB_Files\FLOT1_O75955.pdb,
SDCBP,O00560,6,https://alphafold.ebi.ac.uk/files/AF-O00560-F1-model_v6.pdb,SUCCESS,ExoCarta_PDB_Files\SDCBP_O00560.pdb,
ANXA2,P07355,6,https://alphafold.ebi.ac.uk/files/AF-P07355-F1-model_v6.pdb,SUCCESS,ExoCarta_PDB_Files\ANXA2_P07355.pdb,
ACTB,P60709,6,https://alphafold.ebi.ac.uk/files/AF-P60709-F1-model_v6.pdb,SUCCESS,ExoCarta_PDB_Files\ACTB_P60709.pdb,
HSP90AA1,P07900,6,https://alphafold.ebi.ac.uk/files/AF-P07900-F1-model_v6.pdb,SUCCESS,ExoCarta_PDB_Files\HSP90AA1_P07900.pdb,
ITGB1,P05556,6,https://alphafold.ebi.ac.uk/files/AF-P05556-F1-model_v6.pdb,SUCCESS,ExoCarta_PDB_Files\ITGB1_P05556.pdb,
VCP,P55072,6,https://alphafold.ebi.ac.uk/files/AF-P55072-F1-model_v6.pdb,SUCCESS,ExoCarta_PDB_Files\VCP_P55072.pdb,
LDHA,P00338,6,https://alphafold.ebi.ac.uk/files/AF-P00338-F1-model_v6.pdb,SUCCESS,ExoCarta_PDB_Files\LDHA_P00338.pdb,
PGK1,P00558,6,https://alphafold.ebi.ac.uk/files/AF-P00558-F1-model_v6.pdb,SUCCESS,ExoCarta_PDB_Files\PGK1_P00558.pdb,
ALDOA,P04075,6,https://alphafold.ebi.ac.uk/files/AF-P04075-F1-model_v6.pdb,SUCCESS,ExoCarta_PDB_Files\ALDOA_P04075.pdb,
HSP90AB1,P08238,6,https://alphafold.ebi.ac.uk/files/AF-P08238-F1-model_v6.pdb,SUCCESS,ExoCarta_PDB_Files\HSP90AB1_P08238.pdb,
EEF1A1,P68104,6,https://alphafold.ebi.ac.uk/files/AF-P68104-F1-model_v6.pdb,SUCCESS,ExoCarta_PDB_Files\EEF1A1_P68104.pdb,
ENO1,P06733,6,https://alphafold.ebi.ac.uk/files/AF-P06733-F1-model_v6.pdb,SUCCESS,ExoCarta_PDB_Files\ENO1_P06733.pdb,
HSPA8,P11142,6,https://alphafold.ebi.ac.uk/files/AF-P11142-F1-model_v6.pdb,SUCCESS,ExoCarta_PDB_Files\HSPA8_P11142.pdb,
ANXA1,P04083,6,https://alphafold.ebi.ac.uk/files/AF-P04083-F1-model_v6.pdb,SUCCESS,ExoCarta_PDB_Files\ANXA1_P04083.pdb,
PPIA,P62937,6,https://alphafold.ebi.ac.uk/files/AF-P62937-F1-model_v6.pdb,SUCCESS,ExoCarta_PDB_Files\PPIA_P62937.pdb,
PKM,P14618,6,https://alphafold.ebi.ac.uk/files/AF-P14618-F1-model_v6.pdb,SUCCESS,ExoCarta_PDB_Files\PKM_P14618.pdb,
FLNA,P21333,6,https://alphafold.ebi.ac.uk/files/AF-P21333-F1-model_v6.pdb,SUCCESS,ExoCarta_PDB_Files\FLNA_P21333.pdb,
ANXA5,P08758,6,https://alphafold.ebi.ac.uk/files/AF-P08758-F1-model_v6.pdb,SUCCESS,ExoCarta_PDB_Files\ANXA5_P08758.pdb,
HSPA1A,P0DMV8,6,https://alphafold.ebi.ac.uk/files/AF-P0DMV8-F1-model_v6.pdb,SUCCESS,ExoCarta_PDB_Files\HSPA1A_P0DMV8.pdb,
EEF2,P13639,6,https://alphafold.ebi.ac.uk/files/AF-P13639-F1-model_v6.pdb,SUCCESS,ExoCarta_PDB_Files\EEF2_P13639.pdb,
YWHAZ,P63104,6,https://alphafold.ebi.ac.uk/files/AF-P63104-F1-model_v6.pdb,SUCCESS,ExoCarta_PDB_Files\YWHAZ_P63104.pdb,
FASN,P49327,6,https://alphafold.ebi.ac.uk/files/AF-P49327-F1-model_v6.pdb,SUCCESS,ExoCarta_PDB_Files\FASN_P49327.pdb,
MSN,P26038,6,https://alphafold.ebi.ac.uk/files/AF-P26038-F1-model_v6.pdb,SUCCESS,ExoCarta_PDB_Files\MSN_P26038.pdb,
SLC3A2,P08195,6,https://alphafold.ebi.ac.uk/files/AF-P08195-F1-model_v6.pdb,SUCCESS,ExoCarta_PDB_Files\SLC3A2_P08195.pdb,
YWHAE,P62258,6,https://alphafold.ebi.ac.uk/files/AF-P62258-F1-model_v6.pdb,SUCCESS,ExoCarta_PDB_Files\YWHAE_P62258.pdb,
RAP1B,P61224,6,https://alphafold.ebi.ac.uk/files/AF-P61224-F1-model_v6.pdb,SUCCESS,ExoCarta_PDB_Files\RAP1B_P61224.pdb,
LGALS3BP,Q08380,6,https://alphafold.ebi.ac.uk/files/AF-Q08380-F1-model_v6.pdb,SUCCESS,ExoCarta_PDB_Files\LGALS3BP_Q08380.pdb,
ANXA6,P08133,6,https://alphafold.ebi.ac.uk/files/AF-P08133-F1-model_v6.pdb,SUCCESS,ExoCarta_PDB_Files\ANXA6_P08133.pdb,
PRDX1,Q06830,6,https://alphafold.ebi.ac.uk/files/AF-Q06830-F1-model_v6.pdb,SUCCESS,ExoCarta_PDB_Files\PRDX1_Q06830.pdb,
CLTC,Q00610,6,https://alphafold.ebi.ac.uk/files/AF-Q00610-F1-model_v6.pdb,SUCCESS,ExoCarta_PDB_Files\CLTC_Q00610.pdb,
CFL1,P23528,6,https://alphafold.ebi.ac.uk/files/AF-P23528-F1-model_v6.pdb,SUCCESS,ExoCarta_PDB_Files\CFL1_P23528.pdb,
TPI1,P60174,6,https://alphafold.ebi.ac.uk/files/AF-P60174-F1-model_v6.pdb,SUCCESS,ExoCarta_PDB_Files\TPI1_P60174.pdb,
PFN1,P07737,6,https://alphafold.ebi.ac.uk/files/AF-P07737-F1-model_v6.pdb,SUCCESS,ExoCarta_PDB_Files\PFN1_P07737.pdb,
ACTN4,O43707,6,https://alphafold.ebi.ac.uk/files/AF-O43707-F1-model_v6.pdb,SUCCESS,ExoCarta_PDB_Files\ACTN4_O43707.pdb,
MVP,Q14764,6,https://alphafold.ebi.ac.uk/files/AF-Q14764-F1-model_v6.pdb,SUCCESS,ExoCarta_PDB_Files\MVP_Q14764.pdb,
CD274,Q9NZQ7,6,https://alphafold.ebi.ac.uk/files/AF-Q9NZQ7-F1-model_v6.pdb,SUCCESS,ExoCarta_PDB_Files\CD274_Q9NZQ7.pdb,
ATP1A1,P05023,6,https://alphafold.ebi.ac.uk/files/AF-P05023-F1-model_v6.pdb,SUCCESS,ExoCarta_PDB_Files\ATP1A1_P05023.pdb,
YWHAQ,P27348,6,https://alphafold.ebi.ac.uk/files/AF-P27348-F1-model_v6.pdb,SUCCESS,ExoCarta_PDB_Files\YWHAQ_P27348.pdb,
GNB2,P62879,6,https://alphafold.ebi.ac.uk/files/AF-P62879-F1-model_v6.pdb,SUCCESS,ExoCarta_PDB_Files\GNB2_P62879.pdb,
GNAI2,P04899,6,https://alphafold.ebi.ac.uk/files/AF-P04899-F1-model_v6.pdb,SUCCESS,ExoCarta_PDB_Files\GNAI2_P04899.pdb,
HSPA5,P11021,6,https://alphafold.ebi.ac.uk/files/AF-P11021-F1-model_v6.pdb,SUCCESS,ExoCarta_PDB_Files\HSPA5_P11021.pdb,
CLIC1,O00299,6,https://alphafold.ebi.ac.uk/files/AF-O00299-F1-model_v6.pdb,SUCCESS,ExoCarta_PDB_Files\CLIC1_O00299.pdb,
CDC42,P60953,6,https://alphafold.ebi.ac.uk/files/AF-P60953-F1-model_v6.pdb,SUCCESS,ExoCarta_PDB_Files\CDC42_P60953.pdb,
CCT2,P78371,6,https://alphafold.ebi.ac.uk/files/AF-P78371-F1-model_v6.pdb,SUCCESS,ExoCarta_PDB_Files\CCT2_P78371.pdb,
PRDX2,P32119,6,https://alphafold.ebi.ac.uk/files/AF-P32119-F1-model_v6.pdb,SUCCESS,ExoCarta_PDB_Files\PRDX2_P32119.pdb,
LDHB,P07195,6,https://alphafold.ebi.ac.uk/files/AF-P07195-F1-model_v6.pdb,SUCCESS,ExoCarta_PDB_Files\LDHB_P07195.pdb,
HIST1H4A,P62805,6,https://alphafold.ebi.ac.uk/files/AF-P62805-F1-model_v6.pdb,SUCCESS,ExoCarta_PDB_Files\HIST1H4A_P62805.pdb,
EPRS,P07814,6,https://alphafold.ebi.ac.uk/files/AF-P07814-F1-model_v6.pdb,SUCCESS,ExoCarta_PDB_Files\EPRS_P07814.pdb,
CD44,P16070,6,https://alphafold.ebi.ac.uk/files/AF-P16070-F1-model_v6.pdb,SUCCESS,ExoCarta_PDB_Files\CD44_P16070.pdb,
YWHAG,P61981,6,https://alphafold.ebi.ac.uk/files/AF-P61981-F1-model_v6.pdb,SUCCESS,ExoCarta_PDB_Files\YWHAG_P61981.pdb,
TFRC,P02786,6,https://alphafold.ebi.ac.uk/files/AF-P02786-F1-model_v6.pdb,SUCCESS,ExoCarta_PDB_Files\TFRC_P02786.pdb,
MYH9,P35579,6,https://alphafold.ebi.ac.uk/files/AF-P35579-F1-model_v6.pdb,SUCCESS,ExoCarta_PDB_Files\MYH9_P35579.pdb,
KPNB1,Q14974,6,https://alphafold.ebi.ac.uk/files/AF-Q14974-F1-model_v6.pdb,SUCCESS,ExoCarta_PDB_Files\KPNB1_Q14974.pdb,
FN1,P02751,6,https://alphafold.ebi.ac.uk/files/AF-P02751-F1-model_v6.pdb,SUCCESS,ExoCarta_PDB_Files\FN1_P02751.pdb,
EZR,P15311,6,https://alphafold.ebi.ac.uk/files/AF-P15311-F1-model_v6.pdb,SUCCESS,ExoCarta_PDB_Files\EZR_P15311.pdb,
BSG,P35613,6,https://alphafold.ebi.ac.uk/files/AF-P35613-F1-model_v6.pdb,SUCCESS,ExoCarta_PDB_Files\BSG_P35613.pdb,
ANXA4,P09525,6,https://alphafold.ebi.ac.uk/files/AF-P09525-F1-model_v6.pdb,SUCCESS,ExoCarta_PDB_Files\ANXA4_P09525.pdb,
EHD4,Q9H223,6,https://alphafold.ebi.ac.uk/files/AF-Q9H223-F1-model_v6.pdb,SUCCESS,ExoCarta_PDB_Files\EHD4_Q9H223.pdb,
YWHAB,P31946,6,https://alphafold.ebi.ac.uk/files/AF-P31946-F1-model_v6.pdb,SUCCESS,ExoCarta_PDB_Files\YWHAB_P31946.pdb,
GDI2,P50395,6,https://alphafold.ebi.ac.uk/files/AF-P50395-F1-model_v6.pdb,SUCCESS,ExoCarta_PDB_Files\GDI2_P50395.pdb,
ANXA11,P50995,6,https://alphafold.ebi.ac.uk/files/AF-P50995-F1-model_v6.pdb,SUCCESS,ExoCarta_PDB_Files\ANXA11_P50995.pdb,
ACTN1,P12814,6,https://alphafold.ebi.ac.uk/files/AF-P12814-F1-model_v6.pdb,SUCCESS,ExoCarta_PDB_Files\ACTN1_P12814.pdb,
RAB5C,P51148,6,https://alphafold.ebi.ac.uk/files/AF-P51148-F1-model_v6.pdb,SUCCESS,ExoCarta_PDB_Files\RAB5C_P51148.pdb,
ITGA6,P23229,6,https://alphafold.ebi.ac.uk/files/AF-P23229-F1-model_v6.pdb,SUCCESS,ExoCarta_PDB_Files\ITGA6_P23229.pdb,
FLOT2,Q14254,6,https://alphafold.ebi.ac.uk/files/AF-Q14254-F1-model_v6.pdb,SUCCESS,ExoCarta_PDB_Files\FLOT2_Q14254.pdb,
CCT5,P48643,6,https://alphafold.ebi.ac.uk/files/AF-P48643-F1-model_v6.pdb,SUCCESS,ExoCarta_PDB_Files\CCT5_P48643.pdb,
UBA1,P22314,6,https://alphafold.ebi.ac.uk/files/AF-P22314-F1-model_v6.pdb,SUCCESS,ExoCarta_PDB_Files\UBA1_P22314.pdb,
RAN,P62826,6,https://alphafold.ebi.ac.uk/files/AF-P62826-F1-model_v6.pdb,SUCCESS,ExoCarta_PDB_Files\RAN_P62826.pdb,
RAB7A,P51149,6,https://alphafold.ebi.ac.uk/files/AF-P51149-F1-model_v6.pdb,SUCCESS,ExoCarta_PDB_Files\RAB7A_P51149.pdb,
RAB14,P61106,6,https://alphafold.ebi.ac.uk/files/AF-P61106-F1-model_v6.pdb,SUCCESS,ExoCarta_PDB_Files\RAB14_P61106.pdb,
GNB1,P62873,6,https://alphafold.ebi.ac.uk/files/AF-P62873-F1-model_v6.pdb,SUCCESS,ExoCarta_PDB_Files\GNB1_P62873.pdb,
FLNB,O75369,6,https://alphafold.ebi.ac.uk/files/AF-O75369-F1-model_v6.pdb,SUCCESS,ExoCarta_PDB_Files\FLNB_O75369.pdb,
CCT3,P49368,6,https://alphafold.ebi.ac.uk/files/AF-P49368-F1-model_v6.pdb,SUCCESS,ExoCarta_PDB_Files\CCT3_P49368.pdb,
RHOA,P61586,6,https://alphafold.ebi.ac.uk/files/AF-P61586-F1-model_v6.pdb,SUCCESS,ExoCarta_PDB_Files\RHOA_P61586.pdb,
MFGE8,Q08431,6,https://alphafold.ebi.ac.uk/files/AF-Q08431-F1-model_v6.pdb,SUCCESS,ExoCarta_PDB_Files\MFGE8_Q08431.pdb,
ACLY,P53396,6,https://alphafold.ebi.ac.uk/files/AF-P53396-F1-model_v6.pdb,SUCCESS,ExoCarta_PDB_Files\ACLY_P53396.pdb,
MYO1C,O00159,6,https://alphafold.ebi.ac.uk/files/AF-O00159-F1-model_v6.pdb,SUCCESS,ExoCarta_PDB_Files\MYO1C_O00159.pdb,
LAMP1,P11279,6,https://alphafold.ebi.ac.uk/files/AF-P11279-F1-model_v6.pdb,SUCCESS,ExoCarta_PDB_Files\LAMP1_P11279.pdb,
EHD1,Q9H4M9,6,https://alphafold.ebi.ac.uk/files/AF-Q9H4M9-F1-model_v6.pdb,SUCCESS,ExoCarta_PDB_Files\EHD1_Q9H4M9.pdb,
ATP5B,P06576,6,https://alphafold.ebi.ac.uk/files/AF-P06576-F1-model_v6.pdb,SUCCESS,ExoCarta_PDB_Files\ATP5B_P06576.pdb,
TCP1,P17987,6,https://alphafold.ebi.ac.uk/files/AF-P17987-F1-model_v6.pdb,SUCCESS,ExoCarta_PDB_Files\TCP1_P17987.pdb,
ARF1,P84077,6,https://alphafold.ebi.ac.uk/files/AF-P84077-F1-model_v6.pdb,SUCCESS,ExoCarta_PDB_Files\ARF1_P84077.pdb,
TUBA1C,Q9BQE3,6,https://alphafold.ebi.ac.uk/files/AF-Q9BQE3-F1-model_v6.pdb,SUCCESS,ExoCarta_PDB_Files\TUBA1C_Q9BQE3.pdb,
SLC16A1,P53985,6,https://alphafold.ebi.ac.uk/files/AF-P53985-F1-model_v6.pdb,SUCCESS,ExoCarta_PDB_Files\SLC16A1_P53985.pdb,
RDX,P35241,6,https://alphafold.ebi.ac.uk/files/AF-P35241-F1-model_v6.pdb,SUCCESS,ExoCarta_PDB_Files\RDX_P35241.pdb,
HGS,O14964,6,https://alphafold.ebi.ac.uk/files/AF-O14964-F1-model_v6.pdb,SUCCESS,ExoCarta_PDB_Files\HGS_O14964.pdb,
GPI,P06744,6,https://alphafold.ebi.ac.uk/files/AF-P06744-F1-model_v6.pdb,SUCCESS,ExoCarta_PDB_Files\GPI_P06744.pdb,
EEF1G,P26641,6,https://alphafold.ebi.ac.uk/files/AF-P26641-F1-model_v6.pdb,SUCCESS,ExoCarta_PDB_Files\EEF1G_P26641.pdb,
ANXA7,P20073,6,https://alphafold.ebi.ac.uk/files/AF-P20073-F1-model_v6.pdb,SUCCESS,ExoCarta_PDB_Files\ANXA7_P20073.pdb,
AHCY,P23526,6,https://alphafold.ebi.ac.uk/files/AF-P23526-F1-model_v6.pdb,SUCCESS,ExoCarta_PDB_Files\AHCY_P23526.pdb,
TUBB4B,P68371,6,https://alphafold.ebi.ac.uk/files/AF-P68371-F1-model_v6.pdb,SUCCESS,ExoCarta_PDB_Files\TUBB4B_P68371.pdb,
TKT,Q16832,6,https://alphafold.ebi.ac.uk/files/AF-Q16832-F1-model_v6.pdb,SUCCESS,ExoCarta_PDB_Files\TKT_Q16832.pdb,
THBS1,P07996,6,https://alphafold.ebi.ac.uk/files/AF-P07996-F1-model_v6.pdb,SUCCESS,ExoCarta_PDB_Files\THBS1_P07996.pdb,
