Target No.,Protein,TPS,rank_min,rank_max,rank_range
7,MFGE8,0.4065281975472751,53.0,129.0,76.0
5,TKT,0.2473132566812849,83.0,148.0,65.0
7,THBS1,0.3289806170130192,96.0,158.0,62.0
12,SDCBP,0.3185759474034217,54.0,111.0,57.0
12,ANXA2,0.2718165952482022,84.0,136.0,52.0
12,FN1,0.4167528972458783,49.0,100.0,51.0
19,MFGE8,0.4414251124502772,35.0,86.0,51.0
7,FN1,0.3442883182544966,85.0,136.0,51.0
16,TPI1,0.3590902017997452,75.0,125.0,50.0
1,ENO1,0.355221328924797,30.0,80.0,50.0
14,FN1,0.3566381458411842,78.0,128.0,50.0
1,ALDOA,0.3209307670018836,56.0,105.0,49.0
1,GAPDH,0.3688185854136263,27.0,71.0,44.0
5,FN1,0.5268992874547614,25.0,68.0,43.0
8,SLC3A2,0.2844610369558037,89.0,131.0,42.0
9,THBS1,0.3330161601449744,52.0,93.0,41.0
3,FN1,0.4084065024883294,51.0,91.0,40.0
9,ANXA2,0.3874960010319301,24.0,64.0,40.0
14,LGALS3BP,0.4313040520675752,41.0,81.0,40.0
19,ANXA2,0.4993868791763447,26.0,65.0,39.0
1,PGK1,0.4061156296368202,16.0,55.0,39.0
18,MFGE8,0.320198733644975,107.0,145.0,38.0
9,MFGE8,0.3708517024432732,33.0,70.0,37.0
5,GAPDH,0.3005582333233649,115.0,152.0,37.0
14,MFGE8,0.3252070132226278,100.0,137.0,37.0
7,GAPDH,0.3661945311575003,74.0,111.0,37.0
12,ENO1,0.346904858011743,47.0,84.0,37.0
19,PGK1,0.595144492662562,14.0,50.0,36.0
1,MFGE8,0.3985046580274604,56.0,91.0,35.0
9,PKM,0.2368234184291334,120.0,155.0,35.0
3,SDCBP,0.4354536838979988,37.0,71.0,34.0
10,THBS1,0.5991442301598117,13.0,47.0,34.0
10,ANXA2,0.3221409008639109,101.0,135.0,34.0
5,THBS1,0.4475954449103791,38.0,72.0,34.0
2,TPI1,0.3276661621078746,76.0,109.0,33.0
16,ITGB1,0.3272842580154115,97.0,130.0,33.0
18,FN1,0.4431626900502841,39.0,70.0,31.0
20,ALDOA,0.432740076095246,36.0,66.0,30.0
11,SDCBP,0.2326851056967972,156.0,186.0,30.0
17,ITGB1,0.3678293922749931,68.0,98.0,30.0
1,ANXA2,0.4240811112214717,18.0,47.0,29.0
20,ANXA2,0.3525202847949814,60.0,89.0,29.0
16,GAPDH,0.3487853061550998,80.0,109.0,29.0
17,LDHA,0.2392618115053903,124.0,153.0,29.0
12,GAPDH,0.3227557242159151,94.0,122.0,28.0
1,LDHA,0.4177108090085993,20.0,48.0,28.0
19,GAPDH,0.3180870916632916,112.0,140.0,28.0
20,PKM,0.3193728742252119,80.0,108.0,28.0
8,LDHA,0.2034642457055518,148.0,176.0,28.0
4,LGALS3BP,0.3209273387324168,100.0,128.0,28.0
16,PGK1,0.3560104091467276,76.0,103.0,27.0
10,TKT,0.3040314536146909,111.0,138.0,27.0
11,ANXA2,0.2856533553048955,129.0,156.0,27.0
13,ALDOA,0.3784363799112059,38.0,65.0,27.0
19,LGALS3BP,0.2711402668765896,138.0,164.0,26.0
8,BSG,0.4075612477684502,26.0,52.0,26.0
4,FN1,0.4789685487823576,32.0,58.0,26.0
8,SDCBP,0.1992750615344692,151.0,177.0,26.0
5,MFGE8,0.4025635915281629,55.0,81.0,26.0
15,FN1,0.4911064663872809,30.0,56.0,26.0
4,ANXA2,0.3920167843217965,38.0,64.0,26.0
2,MFGE8,0.3258499588136999,99.0,125.0,26.0
2,PKM,0.3190402590667531,102.0,127.0,25.0
4,GAPDH,0.2181670183942343,140.0,165.0,25.0
8,ANXA2,0.3746305140586595,44.0,68.0,24.0
14,ANXA2,0.3576968717716043,53.0,77.0,24.0
19,ITGB1,0.4496236125807576,37.0,61.0,24.0
17,GAPDH,0.2586356632112263,123.0,147.0,24.0
8,ENO1,0.4166159789465419,39.0,62.0,23.0
6,GAPDH,0.3772637194885522,66.0,89.0,23.0
2,SDCBP,0.4591867630772419,36.0,59.0,23.0
13,MFGE8,0.3412168784658209,87.0,109.0,22.0
17,ALDOA,0.3044876856881794,95.0,117.0,22.0
8,GAPDH,0.3102439978591963,97.0,119.0,22.0
15,ALDOA,0.3031021994626736,98.0,119.0,21.0
15,HSP90AA1,0.4065123058409972,48.0,69.0,21.0
13,ITGB1,0.4780642275344671,33.0,54.0,21.0
4,TPI1,0.2955088160832916,101.0,122.0,21.0
12,MFGE8,0.2758185296383859,113.0,134.0,21.0
15,ENO1,0.3081054431534584,94.0,115.0,21.0
12,TPI1,0.5406014014160783,3.0,23.0,20.0
1,LGALS3BP,0.4006711874979621,41.0,61.0,20.0
20,LDHA,0.3324001621723702,74.0,94.0,20.0
2,LGALS3BP,0.2981112509122097,121.0,141.0,20.0
14,GAPDH,0.2946575555914722,124.0,143.0,19.0
3,GAPDH,0.3741252636201998,69.0,88.0,19.0
12,PGK1,0.4012969691278138,51.0,70.0,19.0
15,LGALS3BP,0.3584741899932699,73.0,92.0,19.0
19,LDHA,0.2627250791400123,144.0,163.0,19.0
9,LDHA,0.2777893942601495,114.0,132.0,18.0
17,TKT,0.3989491480760905,51.0,68.0,17.0
13,PKM,0.4738778231420696,31.0,48.0,17.0
15,ANXA2,0.271571591249069,120.0,137.0,17.0
11,PKM,0.1854387543143402,166.0,183.0,17.0
13,ENO1,0.3498373132263852,73.0,90.0,17.0
14,LDHA,0.2586740756869521,146.0,162.0,16.0
13,LDHA,0.3360451381354452,76.0,92.0,16.0
17,MFGE8,0.489080966219299,25.0,41.0,16.0
3,ANXA2,0.5349932502066199,9.0,24.0,15.0
5,ITGB1,0.6033181763606038,15.0,30.0,15.0
3,EEF1A1,0.3176630943757196,102.0,117.0,15.0
3,PKM,0.3186124855263341,96.0,111.0,15.0
20,LGALS3BP,0.2892585841425412,112.0,127.0,15.0
19,FN1,0.5521699822179318,22.0,37.0,15.0
2,LDHA,0.3209865826165791,90.0,105.0,15.0
4,THBS1,0.4310221517498642,45.0,60.0,15.0
17,ANXA2,0.2433859632320242,135.0,150.0,15.0
17,FN1,0.2742970672343153,132.0,146.0,14.0
1,SDCBP,0.2272069021012096,145.0,159.0,14.0
4,ALDOA,0.5185217911190834,23.0,37.0,14.0
13,GAPDH,0.4323926201260747,36.0,50.0,14.0
3,ALDOA,0.2949777035513256,113.0,127.0,14.0
4,MFGE8,0.2890269974238596,119.0,133.0,14.0
8,PGK1,0.2847540340216932,117.0,130.0,13.0
20,FN1,0.5603645097929282,20.0,33.0,13.0
19,TPI1,0.2913178354758828,116.0,129.0,13.0
19,ENO1,0.2397265200475477,152.0,165.0,13.0
20,ENO1,0.2105218036718315,157.0,170.0,13.0
5,ITGA6,0.2609245855926047,141.0,154.0,13.0
11,SLC3A2,0.3052051248828482,103.0,116.0,13.0
8,LGALS3BP,0.3361233636556294,78.0,91.0,13.0
2,GAPDH,0.6056190454629663,14.0,27.0,13.0
16,ANXA2,0.3442833509206217,81.0,93.0,12.0
10,LGALS3BP,0.2452132976452708,149.0,161.0,12.0
3,LGALS3BP,0.4010032043403064,46.0,58.0,12.0
12,LGALS3BP,0.2765000526585677,124.0,136.0,12.0
17,ENO1,0.3305810683842494,84.0,95.0,11.0
13,LGALS3BP,0.522570666156454,15.0,26.0,11.0
13,FN1,0.6388471642513774,11.0,22.0,11.0
14,ITGB1,0.2679105886191786,133.0,144.0,11.0
18,GAPDH,0.2270537402343603,160.0,170.0,10.0
9,FN1,0.2113687699824362,169.0,179.0,10.0
16,LDHA,0.1847065795282969,174.0,184.0,10.0
18,LGALS3BP,0.2147857056385032,166.0,176.0,10.0
7,PGK1,0.3374210965883577,86.0,96.0,10.0
4,LDHA,0.3395986003012612,80.0,90.0,10.0
18,LDHA,0.2132922847003245,167.0,177.0,10.0
18,ALDOA,0.2064947049861786,172.0,181.0,9.0
5,PKM,0.1328830096730338,187.0,196.0,9.0
1,FN1,0.2094516569698769,171.0,180.0,9.0
18,THBS1,0.2196339998526085,164.0,173.0,9.0
11,PGK1,0.1756094353775239,178.0,187.0,9.0
10,ENO1,0.2308730078388522,149.0,158.0,9.0
15,LDHA,0.3231095427257419,92.0,101.0,9.0
20,MFGE8,0.2627408124086292,143.0,152.0,9.0
4,PGK1,0.341001331448273,79.0,88.0,9.0
2,ANXA2,0.5158191037481168,27.0,36.0,9.0
5,ENO1,0.1364398743990088,185.0,194.0,9.0
11,ALDOA,0.267394007460381,138.0,147.0,9.0
14,TPI1,0.2657624602724887,141.0,150.0,9.0
9,GAPDH,0.2635812149515123,134.0,142.0,8.0
9,TPI1,0.2125353169048084,160.0,168.0,8.0
3,CD44,0.5575794991333538,21.0,29.0,8.0
20,GAPDH,0.4246911378080363,40.0,48.0,8.0
12,LDHA,0.2919663088921228,123.0,130.0,7.0
11,GAPDH,0.2251483670220427,162.0,169.0,7.0
5,LDHA,0.2045525232462337,167.0,174.0,7.0
15,ITGB1,0.1980650149017961,172.0,179.0,7.0
6,FN1,0.7084202846501891,7.0,14.0,7.0
18,ITGB1,0.1830483887659706,186.0,192.0,6.0
20,ITGB1,0.4675223188760494,34.0,40.0,6.0
11,LDHA,0.2253291289531135,155.0,161.0,6.0
16,FN1,0.1651906311202979,188.0,194.0,6.0
9,ITGB1,0.3671570289239102,69.0,75.0,6.0
18,PKM,0.1866028093521001,182.0,188.0,6.0
6,ENO1,0.7023350155985557,3.0,8.0,5.0
18,PGK1,0.1981046379393533,178.0,183.0,5.0
11,LGALS3BP,0.2040189622561746,171.0,176.0,5.0
14,PGK1,0.1955107094972463,175.0,180.0,5.0
16,MFGE8,0.7159589459166001,3.0,8.0,5.0
10,MFGE8,0.2055700474097074,168.0,173.0,5.0
17,THBS1,0.5958777814670969,12.0,17.0,5.0
2,FN1,0.6344376531215736,12.0,17.0,5.0
13,THBS1,0.5631352509353876,17.0,22.0,5.0
8,ALDOA,0.2242165315305227,158.0,163.0,5.0
16,PKM,0.2313583858684204,154.0,159.0,5.0
9,ALDOA,0.239112072175442,154.0,159.0,5.0
2,PGK1,0.1571195962271099,184.0,189.0,5.0
10,FN1,0.1831910782942121,185.0,190.0,5.0
6,THBS1,0.7566970181272088,2.0,6.0,4.0
15,GAPDH,0.3969264235229445,62.0,66.0,4.0
3,ENO1,0.376977428144551,65.0,69.0,4.0
11,BSG,0.1488588009737445,191.0,195.0,4.0
6,PGK1,0.7373216428734515,1.0,5.0,4.0
6,ITGB1,0.7522631876616138,3.0,7.0,4.0
6,ALDOA,0.6398148108139572,9.0,12.0,3.0
6,LDHA,0.6398328801576909,8.0,11.0,3.0
15,PGK1,0.6304759047532836,10.0,13.0,3.0
6,ITGA6,0.7386095789868335,4.0,6.0,2.0
16,LGALS3BP,0.2408730317863215,151.0,153.0,2.0
14,ALDOA,0.1395022319273401,193.0,194.0,1.0
7,PKM,0.136000335416327,195.0,196.0,1.0
6,MFGE8,0.8027960636063587,1.0,2.0,1.0
10,ALDOA,0.1441604996460065,191.0,192.0,1.0
10,PGK1,0.1494700728833208,189.0,190.0,1.0
10,GAPDH,0.1940850408916056,181.0,182.0,1.0
7,LGALS3BP,0.1313705490822194,197.0,197.0,0.0
7,TPI1,0.1182147603239901,198.0,198.0,0.0
7,EEF1A1,0.117152580305113,199.0,199.0,0.0
7,ANXA2,0.1062144700143487,200.0,200.0,0.0
