Target No.,Group,Group_AB,Protein,AFS,PS,SS,coverage,BS,TPS_equal,rank_equal
6,2,A,MFGE8,0.6205921272127174,,0.985,2,0.85,0.8027960636063587,1.0
6,3,A,THBS1,0.5143940362544176,,0.999,2,0.85,0.7566970181272088,2.0
6,4,A,ITGB1,0.5055263753232279,,0.999,2,0.9,0.7522631876616138,3.0
6,5,A,ITGA6,0.5622191579736671,,0.915,2,0.9,0.7386095789868335,4.0
6,7,B,PGK1,0.7373216428734515,,,1,0.2,0.7373216428734515,5.0
16,5,A,MFGE8,0.5907057706210792,0.8412121212121211,,2,0.85,0.7159589459166001,6.0
6,1,A,FN1,0.4178405693003784,,0.999,2,0.85,0.7084202846501891,7.0
6,10,B,ENO1,0.7023350155985557,,,1,0.45,0.7023350155985557,8.0
6,9,B,LDHA,0.6398328801576909,,,1,0.2,0.6398328801576909,9.0
6,8,B,ALDOA,0.6398148108139572,,,1,0.2,0.6398148108139572,10.0
13,1,A,FN1,0.278694328502755,,0.999,2,0.85,0.6388471642513774,11.0
2,3,A,FN1,0.3248753062431472,,0.944,2,0.85,0.6344376531215736,12.0
15,8,B,PGK1,0.664588173142931,0.5963636363636363,,2,0.2,0.6304759047532836,13.0
2,6,B,GAPDH,0.2562380909259328,,0.955,2,0.35,0.6056190454629663,14.0
5,1,A,ITGB1,0.2396363527212077,,0.967,2,0.9,0.6033181763606038,15.0
10,3,A,THBS1,0.1982884603196233,1.0,,2,0.85,0.5991442301598117,16.0
17,5,A,THBS1,0.6584222296008606,0.5333333333333332,,2,0.85,0.5958777814670969,17.0
19,9,B,PGK1,0.190288985325124,1.0,,2,0.2,0.595144492662562,18.0
13,4,A,THBS1,0.3454360558364661,0.5769696969696969,0.767,3,0.85,0.5631352509353876,19.0
20,1,A,FN1,0.2637290195858565,,0.857,2,0.85,0.5603645097929282,20.0
3,5,A,CD44,0.2265869822485463,0.4751515151515151,0.971,3,0.9,0.5575794991333538,21.0
19,1,A,FN1,0.2293399644358635,,0.875,2,0.85,0.5521699822179318,22.0
12,10,B,TPI1,0.9308997725291264,0.1503030303030303,,2,0.2,0.5406014014160783,23.0
3,1,A,ANXA2,0.963858538498648,0.1721212121212121,0.469,3,0.6,0.5349932502066199,24.0
5,3,A,FN1,0.1497985749095227,,0.904,2,0.85,0.5268992874547614,25.0
13,5,A,LGALS3BP,0.7544695742269375,0.2642424242424243,0.549,3,0.85,0.522570666156454,26.0
4,10,B,ALDOA,0.3606799458745305,0.6763636363636363,,2,0.2,0.5185217911190834,27.0
2,1,A,ANXA2,0.2767300385170776,0.3127272727272727,0.958,3,0.6,0.5158191037481168,28.0
19,3,A,ANXA2,0.2448343644132957,0.7539393939393939,,2,0.6,0.4993868791763447,29.0
15,1,A,FN1,0.2372129327745619,,0.745,2,0.85,0.49110646638728095,30.0
17,4,A,MFGE8,0.3721013263779922,0.606060606060606,,2,0.85,0.48908096621929903,31.0
4,1,A,FN1,0.2469370975647152,,0.711,2,0.85,0.4789685487823576,32.0
13,2,A,ITGB1,0.2517381371488561,0.2254545454545454,0.957,3,0.9,0.4780642275344671,33.0
13,10,B,PKM,0.3063304391231785,0.1503030303030303,0.965,3,0.3,0.4738778231420696,34.0
20,5,A,ITGB1,0.3314457445069365,0.2521212121212121,0.819,3,0.9,0.46752231887604945,35.0
2,5,A,SDCBP,0.2548936225650591,0.2666666666666666,0.856,3,0.4,0.4591867630772419,36.0
19,2,A,ITGB1,0.2849920498634852,0.2278787878787879,0.836,3,0.9,0.44962361258075767,37.0
5,5,A,THBS1,0.2251908898207584,,0.67,2,0.85,0.44759544491037917,38.0
18,1,A,FN1,0.2373253801005681,,0.649,2,0.85,0.4431626900502841,39.0
19,4,A,MFGE8,0.2258805279308576,0.6569696969696969,,2,0.85,0.44142511245027727,40.0
3,3,A,SDCBP,0.289089185977816,0.5818181818181818,,2,0.4,0.4354536838979988,41.0
20,9,B,ALDOA,0.3321468188571589,0.5333333333333332,,2,0.2,0.432740076095246,42.0
13,6,B,GAPDH,0.401874830075194,0.1503030303030303,0.745,3,0.35,0.4323926201260747,43.0
14,5,A,LGALS3BP,0.2541232556503021,0.6084848484848484,,2,0.85,0.43130405206757527,44.0
4,2,A,THBS1,0.2669149400980778,0.3951515151515151,0.631,3,0.85,0.43102215174986425,45.0
20,6,B,GAPDH,0.403921898272594,0.2351515151515152,0.635,3,0.35,0.42469113780803636,46.0
1,1,A,ANXA2,0.7172531315338526,0.1309090909090908,,2,0.6,0.42408111122147174,47.0
1,7,B,LDHA,0.6681488907444715,0.1672727272727272,,2,0.2,0.4177108090085993,48.0
12,4,A,FN1,0.1835057944917566,,0.65,2,0.85,0.4167528972458783,49.0
8,10,B,ENO1,0.3836358156275047,0.1212121212121212,0.745,3,0.45,0.4166159789465419,50.0
3,4,A,FN1,0.2358130049766589,,0.581,2,0.85,0.40840650248832944,51.0
8,2,A,BSG,0.6139103743247791,0.2012121212121213,,2,0.9,0.4075612477684502,52.0
7,4,A,MFGE8,0.1110563950945502,,0.702,2,0.85,0.4065281975472751,53.0
15,5,A,HSP90AA1,0.344870250856325,0.1066666666666665,0.768,3,0.4,0.4065123058409972,54.0
1,8,B,PGK1,0.763746410788792,0.0484848484848484,,2,0.2,0.4061156296368202,55.0
5,4,A,MFGE8,0.3092968351905494,0.0993939393939393,0.799,3,0.85,0.4025635915281629,56.0
12,9,B,PGK1,0.3371393928010822,0.4654545454545454,,2,0.2,0.4012969691278138,57.0
3,2,A,LGALS3BP,0.3984338554451618,0.3175757575757575,0.487,3,0.85,0.4010032043403064,58.0
1,2,A,LGALS3BP,0.3964938901474393,0.4048484848484849,,2,0.85,0.4006711874979621,59.0
17,10,B,TKT,0.3494134476673327,0.4484848484848484,,2,0.2,0.39894914807609055,60.0
1,5,A,MFGE8,0.2685244675700725,0.5284848484848483,,2,0.85,0.39850465802746043,61.0
15,6,B,GAPDH,0.3367186645082275,0.286060606060606,0.568,3,0.35,0.3969264235229445,62.0
4,3,A,ANXA2,0.4690200499350865,0.0630303030303031,0.644,3,0.6,0.39201678432179654,63.0
9,5,A,ANXA2,0.6586283657002238,0.1163636363636364,,2,0.6,0.3874960010319301,64.0
13,8,B,ALDOA,0.5096000325496846,0.2472727272727273,,2,0.2,0.37843637991120593,65.0
6,6,B,GAPDH,0.2825274389771045,,0.472,2,0.35,0.37726371948855225,66.0
3,8,B,ENO1,0.3920231935245624,0.2909090909090909,0.448,3,0.45,0.37697742814455104,67.0
8,3,A,ANXA2,0.4680489069051979,0.2812121212121212,,2,0.6,0.37463051405865955,68.0
3,6,B,GAPDH,0.2962242757090844,0.2351515151515152,0.591,3,0.35,0.3741252636201998,69.0
9,3,A,MFGE8,0.5865518897350315,0.155151515151515,,2,0.85,0.37085170244327326,70.0
1,6,B,GAPDH,0.6649098980999798,0.0727272727272727,,2,0.35,0.3688185854136263,71.0
17,2,A,ITGB1,0.2944466633378653,0.4412121212121211,,2,0.9,0.36782939227499317,72.0
9,2,A,ITGB1,0.3513801776808217,0.269090909090909,0.481,3,0.9,0.3671570289239102,73.0
7,6,B,GAPDH,0.2243890623150005,,0.508,2,0.35,0.3661945311575003,74.0
16,10,B,TPI1,0.2381804035994905,0.48,,2,0.2,0.3590902017997452,75.0
15,4,A,LGALS3BP,0.3169483799865401,0.3999999999999999,,2,0.85,0.35847418999326996,76.0
14,3,A,ANXA2,0.5173633425875402,0.1527272727272728,0.403,3,0.6,0.35769687177160436,77.0
14,1,A,FN1,0.1792762916823684,,0.534,2,0.85,0.3566381458411842,78.0
16,9,B,PGK1,0.3047480910207282,0.4072727272727272,,2,0.2,0.35601040914672766,79.0
1,10,B,ENO1,0.6401396275465637,0.0703030303030303,,2,0.45,0.355221328924797,80.0
20,3,A,ANXA2,0.4476517634758534,0.0509090909090909,0.559,3,0.6,0.35252028479498143,81.0
13,9,B,ENO1,0.3581483033155193,0.1963636363636364,0.495,3,0.45,0.3498373132263852,82.0
16,6,B,GAPDH,0.299994854734442,0.3975757575757576,,2,0.35,0.3487853061550998,83.0
12,7,B,ENO1,0.5265369887507587,0.1672727272727272,,2,0.45,0.346904858011743,84.0
7,3,A,FN1,0.1685766365089933,,0.52,2,0.85,0.34428831825449663,85.0
16,3,A,ANXA2,0.3346273079018495,0.3539393939393939,,2,0.6,0.34428335092062173,86.0
13,3,A,MFGE8,0.2689233626701902,0.2327272727272726,0.522,3,0.85,0.3412168784658209,87.0
4,8,B,PGK1,0.3644269053207886,0.3175757575757575,,2,0.2,0.34100133144827305,88.0
4,7,B,LDHA,0.3591972006025224,0.32,,2,0.2,0.3395986003012612,89.0
7,9,B,PGK1,0.3374210965883577,,,1,0.2,0.3374210965883577,90.0
8,4,A,LGALS3BP,0.3837618788264104,0.2884848484848484,,2,0.85,0.3361233636556294,91.0
13,7,B,LDHA,0.3860296702102844,0.286060606060606,,2,0.2,0.3360451381354452,92.0
9,4,A,THBS1,0.5351232293808581,0.1309090909090908,,2,0.85,0.3330161601449744,93.0
20,7,B,LDHA,0.4054063849508011,0.2593939393939394,,2,0.2,0.33240016217237023,94.0
17,9,B,ENO1,0.3726772882836504,0.2884848484848484,,2,0.45,0.3305810683842494,95.0
7,5,A,THBS1,0.1269612340260384,,0.531,2,0.85,0.3289806170130192,96.0
2,9,B,TPI1,0.3574227287478661,0.0775757575757576,0.548,3,0.2,0.3276661621078746,97.0
16,2,A,ITGB1,0.2739624554247626,0.3806060606060606,,2,0.9,0.32728425801541156,98.0
2,4,A,MFGE8,0.241731694622918,0.1818181818181817,0.554,3,0.85,0.32584995881369994,99.0
14,4,A,MFGE8,0.2304089184557623,0.0412121212121212,0.704,3,0.85,0.3252070132226278,100.0
15,7,B,LDHA,0.350461509693908,0.2957575757575758,,2,0.2,0.3231095427257419,101.0
12,6,B,GAPDH,0.2882974756780485,0.0969696969696969,0.583,3,0.35,0.3227557242159151,102.0
10,5,A,ANXA2,0.256403013849034,0.3878787878787878,,2,0.6,0.3221409008639109,103.0
2,7,B,LDHA,0.3519597478497375,0.16,0.451,3,0.2,0.32098658261657914,104.0
1,9,B,ALDOA,0.5351948673371006,0.1066666666666665,,2,0.2,0.3209307670018836,105.0
4,5,A,LGALS3BP,0.2854910411011973,0.3563636363636363,,2,0.85,0.3209273387324168,106.0
18,3,A,MFGE8,0.1793974672899499,,0.461,2,0.85,0.320198733644975,107.0
20,8,B,PKM,0.4035942332989086,0.2351515151515152,,2,0.3,0.3193728742252119,108.0
2,8,B,PKM,0.2735450196245019,0.0775757575757576,0.606,3,0.3,0.31904025906675315,109.0
3,10,B,PKM,0.326921940749638,0.3103030303030303,,2,0.3,0.31861248552633414,110.0
12,3,A,SDCBP,0.5426064402613892,0.0945454545454544,,2,0.4,0.31857594740342177,111.0
19,6,B,GAPDH,0.2039582446868448,0.1503030303030303,0.6,3,0.35,0.31808709166329163,112.0
3,9,B,EEF1A1,0.3080534614787121,0.3272727272727272,,2,0.2,0.31766309437571966,113.0
8,6,B,GAPDH,0.3373380541836496,0.0993939393939393,0.494,3,0.35,0.3102439978591963,114.0
15,10,B,ENO1,0.3689381590341895,0.2472727272727273,,2,0.45,0.3081054431534584,115.0
11,1,A,SLC3A2,0.3437435830990298,0.2666666666666666,,2,0.9,0.30520512488284823,116.0
17,7,B,ALDOA,0.3713996138006014,0.2375757575757575,,2,0.2,0.30448768568817947,117.0
10,10,B,TKT,0.2613962405627151,0.3466666666666667,,2,0.2,0.3040314536146909,118.0
15,9,B,ALDOA,0.3686286413495898,0.2375757575757575,,2,0.2,0.30310219946267364,119.0
5,6,B,GAPDH,0.23382621512161,0.0048484848484848,0.663,3,0.35,0.30055823332336495,120.0
2,2,A,LGALS3BP,0.239182237585114,0.155151515151515,0.5,3,0.85,0.2981112509122097,121.0
4,9,B,TPI1,0.3752600564090075,0.2157575757575757,,2,0.2,0.2955088160832916,122.0
3,7,B,ALDOA,0.3232887404359847,0.2666666666666666,,2,0.2,0.29497770355132563,123.0
14,6,B,GAPDH,0.2141847879865379,0.1987878787878788,0.471,3,0.35,0.2946575555914722,124.0
12,8,B,LDHA,0.306474684252126,0.1624242424242424,0.407,3,0.2,0.2919663088921228,125.0
19,10,B,TPI1,0.3232417315578263,0.2593939393939394,,2,0.2,0.29131783547588286,126.0
20,2,A,LGALS3BP,0.3506383804062946,0.2278787878787879,,2,0.85,0.28925858414254124,127.0
4,4,A,MFGE8,0.3089630857568102,0.269090909090909,,2,0.85,0.2890269974238596,128.0
11,3,A,ANXA2,0.2125188318219123,0.3587878787878787,,2,0.6,0.2856533553048955,129.0
8,9,B,PGK1,0.3392050377403562,0.2303030303030302,,2,0.2,0.28475403402169325,130.0
8,1,A,SLC3A2,0.4283160133055467,0.1406060606060607,,2,0.9,0.2844610369558037,131.0
9,7,B,LDHA,0.3713363642778748,0.1842424242424242,,2,0.2,0.27778939426014954,132.0
12,1,A,LGALS3BP,0.3178485901656203,0.2351515151515152,,2,0.85,0.2765000526585677,133.0
12,5,A,MFGE8,0.3795158471555598,0.1721212121212121,,2,0.85,0.27581852963838593,134.0
17,1,A,FN1,0.2742970672343153,,,1,0.85,0.2742970672343153,135.0
12,2,A,ANXA2,0.4587847056479197,0.0848484848484848,,2,0.6,0.27181659524820223,136.0
15,3,A,ANXA2,0.3613250006799563,0.1818181818181817,,2,0.6,0.27157159124906904,137.0
19,5,A,LGALS3BP,0.2053108367834824,0.3369696969696969,,2,0.85,0.27114026687658965,138.0
14,2,A,ITGB1,0.2909726923898724,0.2448484848484848,,2,0.9,0.2679105886191786,139.0
11,9,B,ALDOA,0.267394007460381,,,1,0.2,0.267394007460381,140.0
14,9,B,TPI1,0.2551612841813411,0.2763636363636363,,2,0.2,0.2657624602724887,141.0
9,6,B,GAPDH,0.3017078844484792,0.2254545454545454,,2,0.35,0.2635812149515123,142.0
20,4,A,MFGE8,0.2539664733021068,0.2715151515151515,,2,0.85,0.2627408124086292,143.0
19,8,B,LDHA,0.2224198552497216,0.303030303030303,,2,0.2,0.2627250791400123,144.0
5,2,A,ITGA6,0.2743495143535716,0.0824242424242424,0.426,3,0.9,0.2609245855926047,145.0
14,8,B,LDHA,0.2312875453132982,0.286060606060606,,2,0.2,0.2586740756869521,146.0
17,6,B,GAPDH,0.3718167809679071,0.1454545454545454,,2,0.35,0.2586356632112263,147.0
5,10,B,TKT,0.4946265133625699,0.0,,2,0.2,0.24731325668128495,148.0
10,1,A,LGALS3BP,0.2504265952905417,0.24,,2,0.85,0.2452132976452708,149.0
17,3,A,ANXA2,0.3534385931307151,0.1333333333333333,,2,0.6,0.2433859632320242,150.0
16,4,A,LGALS3BP,0.2829581847847644,0.1987878787878788,,2,0.85,0.24087303178632158,151.0
19,7,B,ENO1,0.2467257673678229,0.2327272727272726,,2,0.45,0.23972652004754774,152.0
17,8,B,LDHA,0.3985236230107806,0.08,,2,0.2,0.2392618115053903,153.0
9,10,B,ALDOA,0.2697392958660355,0.2084848484848485,,2,0.2,0.239112072175442,154.0
9,8,B,PKM,0.4081922914037214,0.0654545454545455,,2,0.3,0.23682341842913346,155.0
11,5,A,SDCBP,0.1380974841208673,0.3272727272727272,,2,0.4,0.23268510569679723,156.0
16,8,B,PKM,0.2881713171913863,0.1745454545454545,,2,0.3,0.2313583858684204,157.0
10,9,B,ENO1,0.3017460156777046,0.16,,2,0.45,0.23087300783885226,158.0
1,3,A,SDCBP,0.3380501678387828,0.1163636363636364,,2,0.4,0.2272069021012096,159.0
18,6,B,GAPDH,0.2270537402343604,,,1,0.35,0.22705374023436037,160.0
11,7,B,LDHA,0.2930825003304694,0.1575757575757576,,2,0.2,0.2253291289531135,161.0
11,6,B,GAPDH,0.2345391582865098,0.2157575757575757,,2,0.35,0.22514836702204274,162.0
8,8,B,ALDOA,0.2932815479095304,0.155151515151515,,2,0.2,0.2242165315305227,163.0
18,2,A,THBS1,0.2196339998526085,,,1,0.85,0.2196339998526085,164.0
4,6,B,GAPDH,0.3733037337581656,0.0630303030303031,,2,0.35,0.21816701839423436,165.0
18,5,A,LGALS3BP,0.2147857056385032,,,1,0.85,0.2147857056385032,166.0
18,7,B,LDHA,0.2132922847003245,,,1,0.2,0.2132922847003245,167.0
9,9,B,TPI1,0.2990100277490108,0.1260606060606061,,2,0.2,0.21253531690480845,168.0
9,1,A,FN1,0.2113687699824363,,,1,0.85,0.21136876998243628,169.0
20,10,B,ENO1,0.3119526982527539,0.1090909090909091,,2,0.45,0.2105218036718315,170.0
1,4,A,FN1,0.209451656969877,,,1,0.85,0.20945165696987697,171.0
18,10,B,ALDOA,0.2064947049861787,,,1,0.2,0.20649470498617867,172.0
10,4,A,MFGE8,0.2681097917891121,0.1430303030303029,,2,0.85,0.20557004740970747,173.0
5,7,B,LDHA,0.2854686828561039,0.1236363636363636,,2,0.2,0.20455252324623374,174.0
11,4,A,LGALS3BP,0.257734894209319,0.1503030303030303,,2,0.85,0.20401896225617466,175.0
8,7,B,LDHA,0.3414739459565583,0.0654545454545455,,2,0.2,0.20346424570555185,176.0
8,5,A,SDCBP,0.3427925473113627,0.0557575757575758,,2,0.4,0.19927506153446928,177.0
18,8,B,PGK1,0.1981046379393533,,,1,0.2,0.1981046379393533,178.0
15,2,A,ITGB1,0.262796696470259,0.1333333333333333,,2,0.9,0.19806501490179615,179.0
14,7,B,PGK1,0.2479911159641898,0.1430303030303029,,2,0.2,0.19551070949724636,180.0
10,6,B,GAPDH,0.2112003848135142,0.176969696969697,,2,0.35,0.1940850408916056,181.0
18,9,B,PKM,0.1866028093521001,,,1,0.3,0.1866028093521001,182.0
11,10,B,PKM,0.3126956904468624,0.0581818181818181,,2,0.3,0.18543875431434026,183.0
16,7,B,LDHA,0.2651707348141696,0.1042424242424243,,2,0.2,0.18470657952829694,184.0
10,2,A,FN1,0.1831910782942121,,,1,0.85,0.1831910782942121,185.0
18,4,A,ITGB1,0.1830483887659706,,,1,0.9,0.1830483887659706,186.0
11,8,B,PGK1,0.2590976586338357,0.0921212121212121,,2,0.2,0.1756094353775239,187.0
16,1,A,FN1,0.1651906311202979,,,1,0.85,0.1651906311202979,188.0
2,10,B,PGK1,0.2512088894239167,0.0630303030303031,,2,0.2,0.15711959622710991,189.0
10,7,B,PGK1,0.2359098427363385,0.0630303030303031,,2,0.2,0.1494700728833208,190.0
11,2,A,BSG,0.1716569958868829,0.1260606060606061,,2,0.9,0.14885880097374452,191.0
10,8,B,ALDOA,0.2349876659586797,0.0533333333333333,,2,0.2,0.1441604996460065,192.0
14,10,B,ALDOA,0.2305196153698319,0.0484848484848484,,2,0.2,0.13950223192734015,193.0
5,8,B,ENO1,0.2728797487980177,0.0,,2,0.45,0.13643987439900884,194.0
7,7,B,PKM,0.136000335416327,,,1,0.3,0.136000335416327,195.0
5,9,B,PKM,0.2657660193460677,0.0,,2,0.3,0.13288300967303385,196.0
7,1,A,LGALS3BP,0.1313705490822194,,,1,0.85,0.1313705490822194,197.0
7,8,B,TPI1,0.1182147603239901,,,1,0.2,0.1182147603239901,198.0
7,10,B,EEF1A1,0.117152580305113,,,1,0.2,0.117152580305113,199.0
7,2,A,ANXA2,0.1062144700143487,,,1,0.6,0.1062144700143487,200.0
