pdb_file,pdbqt_file,status,error
ACLY_P53396.pdb,ExoCarta_PDBQT_Files\ACLY_P53396.pdbqt,SUCCESS,
ACTB_P60709.pdb,ExoCarta_PDBQT_Files\ACTB_P60709.pdbqt,SUCCESS,
ACTN1_P12814.pdb,ExoCarta_PDBQT_Files\ACTN1_P12814.pdbqt,SUCCESS,
ACTN4_O43707.pdb,ExoCarta_PDBQT_Files\ACTN4_O43707.pdbqt,SUCCESS,
AHCY_P23526.pdb,ExoCarta_PDBQT_Files\AHCY_P23526.pdbqt,SUCCESS,
ALDOA_P04075.pdb,ExoCarta_PDBQT_Files\ALDOA_P04075.pdbqt,SUCCESS,
ANXA11_P50995.pdb,ExoCarta_PDBQT_Files\ANXA11_P50995.pdbqt,SUCCESS,
ANXA1_P04083.pdb,ExoCarta_PDBQT_Files\ANXA1_P04083.pdbqt,SUCCESS,
ANXA2_P07355.pdb,ExoCarta_PDBQT_Files\ANXA2_P07355.pdbqt,SUCCESS,
ANXA4_P09525.pdb,ExoCarta_PDBQT_Files\ANXA4_P09525.pdbqt,SUCCESS,
ANXA5_P08758.pdb,ExoCarta_PDBQT_Files\ANXA5_P08758.pdbqt,SUCCESS,
ANXA6_P08133.pdb,ExoCarta_PDBQT_Files\ANXA6_P08133.pdbqt,SUCCESS,
ANXA7_P20073.pdb,ExoCarta_PDBQT_Files\ANXA7_P20073.pdbqt,SUCCESS,
ARF1_P84077.pdb,ExoCarta_PDBQT_Files\ARF1_P84077.pdbqt,SUCCESS,
ATP1A1_P05023.pdb,ExoCarta_PDBQT_Files\ATP1A1_P05023.pdbqt,SUCCESS,
ATP5B_P06576.pdb,ExoCarta_PDBQT_Files\ATP5B_P06576.pdbqt,SUCCESS,
BSG_P35613.pdb,ExoCarta_PDBQT_Files\BSG_P35613.pdbqt,SUCCESS,
CCT2_P78371.pdb,ExoCarta_PDBQT_Files\CCT2_P78371.pdbqt,SUCCESS,
CCT3_P49368.pdb,ExoCarta_PDBQT_Files\CCT3_P49368.pdbqt,SUCCESS,
CCT5_P48643.pdb,ExoCarta_PDBQT_Files\CCT5_P48643.pdbqt,SUCCESS,
CD274_Q9NZQ7.pdb,ExoCarta_PDBQT_Files\CD274_Q9NZQ7.pdbqt,SUCCESS,
CD44_P16070.pdb,ExoCarta_PDBQT_Files\CD44_P16070.pdbqt,SUCCESS,
CD63_P08962.pdb,ExoCarta_PDBQT_Files\CD63_P08962.pdbqt,SUCCESS,
CD81_P60033.pdb,ExoCarta_PDBQT_Files\CD81_P60033.pdbqt,SUCCESS,
CD9_P21926.pdb,ExoCarta_PDBQT_Files\CD9_P21926.pdbqt,SUCCESS,
CDC42_P60953.pdb,ExoCarta_PDBQT_Files\CDC42_P60953.pdbqt,SUCCESS,
CFL1_P23528.pdb,ExoCarta_PDBQT_Files\CFL1_P23528.pdbqt,SUCCESS,
CLIC1_O00299.pdb,ExoCarta_PDBQT_Files\CLIC1_O00299.pdbqt,SUCCESS,
CLTC_Q00610.pdb,ExoCarta_PDBQT_Files\CLTC_Q00610.pdbqt,SUCCESS,
EEF1A1_P68104.pdb,ExoCarta_PDBQT_Files\EEF1A1_P68104.pdbqt,SUCCESS,
EEF1G_P26641.pdb,ExoCarta_PDBQT_Files\EEF1G_P26641.pdbqt,SUCCESS,
EEF2_P13639.pdb,ExoCarta_PDBQT_Files\EEF2_P13639.pdbqt,SUCCESS,
EHD1_Q9H4M9.pdb,ExoCarta_PDBQT_Files\EHD1_Q9H4M9.pdbqt,SUCCESS,
EHD4_Q9H223.pdb,ExoCarta_PDBQT_Files\EHD4_Q9H223.pdbqt,SUCCESS,
ENO1_P06733.pdb,ExoCarta_PDBQT_Files\ENO1_P06733.pdbqt,SUCCESS,
EPRS_P07814.pdb,ExoCarta_PDBQT_Files\EPRS_P07814.pdbqt,SUCCESS,
EZR_P15311.pdb,ExoCarta_PDBQT_Files\EZR_P15311.pdbqt,SUCCESS,
FASN_P49327.pdb,ExoCarta_PDBQT_Files\FASN_P49327.pdbqt,SUCCESS,
FLNA_P21333.pdb,ExoCarta_PDBQT_Files\FLNA_P21333.pdbqt,SUCCESS,
FLNB_O75369.pdb,ExoCarta_PDBQT_Files\FLNB_O75369.pdbqt,SUCCESS,
FLOT1_O75955.pdb,ExoCarta_PDBQT_Files\FLOT1_O75955.pdbqt,SUCCESS,
FLOT2_Q14254.pdb,ExoCarta_PDBQT_Files\FLOT2_Q14254.pdbqt,SUCCESS,
FN1_P02751.pdb,ExoCarta_PDBQT_Files\FN1_P02751.pdbqt,FAILED,"No template matched for residue_key='A:116'
tried 6 templates for residue_key='A:116'excess_H_ok=False
LYS        heavy_miss=3 heavy_excess=3 H_excess=[] bond_miss=set() bond_excess=set()
NLYS       heavy_miss=3 heavy_excess=3 H_excess=[] bond_miss=set() bond_excess={4}
CLYS       heavy_miss=4 heavy_excess=3 H_excess=[] bond_miss=set() bond_excess={1}
LYN        heavy_miss=3 heavy_excess=3 H_excess=[] bond_miss=set() bond_excess=set()
NLYN       heavy_miss=3 heavy_excess=3 H_excess=[] bond_miss=set() bond_excess={4}
CLYN       heavy_miss=4 heavy_excess=3 H_excess=[] bond_miss=set() bond_excess={1}

matched with excess inter-residue bond(s): A:116
No template matched for residue_key='A:206'
tried 3 templates for residue_key='A:206'excess_H_ok=False
GLN        heavy_miss=1 heavy_excess=1 H_excess=[] bond_miss=set() bond_excess=set()
NGLN       heavy_miss=1 heavy_excess=1 H_excess=[] bond_miss=set() bond_excess={4}
CGLN       heavy_miss=2 heavy_excess=1 H_excess=[] bond_miss=set() bond_excess={1}

matched with excess inter-residue bond(s): A:206
No template matched for residue_key='A:597'
tried 3 templates for residue_key='A:597'excess_H_ok=False
TRP        heavy_miss=7 heavy_excess=7 H_excess=[] bond_miss=set() bond_excess=set()
NTRP       heavy_miss=7 heavy_excess=7 H_excess=[] bond_miss=set() bond_excess={4}
CTRP       heavy_miss=8 heavy_excess=7 H_excess=[] bond_miss=set() bond_excess={1}

matched with excess inter-residue bond(s): A:597
No template matched for residue_key='A:2154'
tried 3 templates for residue_key='A:2154'excess_H_ok=False
PRO        heavy_miss=4 heavy_excess=4 H_excess=[] bond_miss={4} bond_excess=set()
NPRO       heavy_miss=4 heavy_excess=4 H_excess=[] bond_miss=set() bond_excess=set()
CPRO       heavy_miss=5 heavy_excess=4 H_excess=[] bond_miss={5} bond_excess={1}

matched with excess inter-residue bond(s): A:2154"
GAPDH_P04406.pdb,ExoCarta_PDBQT_Files\GAPDH_P04406.pdbqt,SUCCESS,
GDI2_P50395.pdb,ExoCarta_PDBQT_Files\GDI2_P50395.pdbqt,SUCCESS,
GNAI2_P04899.pdb,ExoCarta_PDBQT_Files\GNAI2_P04899.pdbqt,SUCCESS,
GNB1_P62873.pdb,ExoCarta_PDBQT_Files\GNB1_P62873.pdbqt,SUCCESS,
GNB2_P62879.pdb,ExoCarta_PDBQT_Files\GNB2_P62879.pdbqt,SUCCESS,
GPI_P06744.pdb,ExoCarta_PDBQT_Files\GPI_P06744.pdbqt,SUCCESS,
HGS_O14964.pdb,ExoCarta_PDBQT_Files\HGS_O14964.pdbqt,SUCCESS,
HIST1H4A_P62805.pdb,ExoCarta_PDBQT_Files\HIST1H4A_P62805.pdbqt,SUCCESS,
HSP90AA1_P07900.pdb,ExoCarta_PDBQT_Files\HSP90AA1_P07900.pdbqt,SUCCESS,
HSP90AB1_P08238.pdb,ExoCarta_PDBQT_Files\HSP90AB1_P08238.pdbqt,SUCCESS,
HSPA1A_P0DMV8.pdb,ExoCarta_PDBQT_Files\HSPA1A_P0DMV8.pdbqt,SUCCESS,
HSPA5_P11021.pdb,ExoCarta_PDBQT_Files\HSPA5_P11021.pdbqt,SUCCESS,
HSPA8_P11142.pdb,ExoCarta_PDBQT_Files\HSPA8_P11142.pdbqt,SUCCESS,
ITGA6_P23229.pdb,ExoCarta_PDBQT_Files\ITGA6_P23229.pdbqt,SUCCESS,
ITGB1_P05556.pdb,ExoCarta_PDBQT_Files\ITGB1_P05556.pdbqt,SUCCESS,
KPNB1_Q14974.pdb,ExoCarta_PDBQT_Files\KPNB1_Q14974.pdbqt,SUCCESS,
LAMP1_P11279.pdb,ExoCarta_PDBQT_Files\LAMP1_P11279.pdbqt,SUCCESS,
LDHA_P00338.pdb,ExoCarta_PDBQT_Files\LDHA_P00338.pdbqt,SUCCESS,
LDHB_P07195.pdb,ExoCarta_PDBQT_Files\LDHB_P07195.pdbqt,SUCCESS,
LGALS3BP_Q08380.pdb,ExoCarta_PDBQT_Files\LGALS3BP_Q08380.pdbqt,SUCCESS,
MFGE8_Q08431.pdb,ExoCarta_PDBQT_Files\MFGE8_Q08431.pdbqt,SUCCESS,
MSN_P26038.pdb,ExoCarta_PDBQT_Files\MSN_P26038.pdbqt,SUCCESS,
MVP_Q14764.pdb,ExoCarta_PDBQT_Files\MVP_Q14764.pdbqt,SUCCESS,
MYH9_P35579.pdb,ExoCarta_PDBQT_Files\MYH9_P35579.pdbqt,SUCCESS,
MYO1C_O00159.pdb,ExoCarta_PDBQT_Files\MYO1C_O00159.pdbqt,SUCCESS,
PDCD6IP_Q8WUM4.pdb,ExoCarta_PDBQT_Files\PDCD6IP_Q8WUM4.pdbqt,SUCCESS,
PFN1_P07737.pdb,ExoCarta_PDBQT_Files\PFN1_P07737.pdbqt,SUCCESS,
PGK1_P00558.pdb,ExoCarta_PDBQT_Files\PGK1_P00558.pdbqt,SUCCESS,
PKM_P14618.pdb,ExoCarta_PDBQT_Files\PKM_P14618.pdbqt,SUCCESS,
PPIA_P62937.pdb,ExoCarta_PDBQT_Files\PPIA_P62937.pdbqt,SUCCESS,
PRDX1_Q06830.pdb,ExoCarta_PDBQT_Files\PRDX1_Q06830.pdbqt,SUCCESS,
PRDX2_P32119.pdb,ExoCarta_PDBQT_Files\PRDX2_P32119.pdbqt,SUCCESS,
RAB14_P61106.pdb,ExoCarta_PDBQT_Files\RAB14_P61106.pdbqt,SUCCESS,
RAB5C_P51148.pdb,ExoCarta_PDBQT_Files\RAB5C_P51148.pdbqt,SUCCESS,
RAB7A_P51149.pdb,ExoCarta_PDBQT_Files\RAB7A_P51149.pdbqt,SUCCESS,
RAN_P62826.pdb,ExoCarta_PDBQT_Files\RAN_P62826.pdbqt,SUCCESS,
RAP1B_P61224.pdb,ExoCarta_PDBQT_Files\RAP1B_P61224.pdbqt,SUCCESS,
RDX_P35241.pdb,ExoCarta_PDBQT_Files\RDX_P35241.pdbqt,SUCCESS,
RHOA_P61586.pdb,ExoCarta_PDBQT_Files\RHOA_P61586.pdbqt,SUCCESS,
SDCBP_O00560.pdb,ExoCarta_PDBQT_Files\SDCBP_O00560.pdbqt,SUCCESS,
SLC16A1_P53985.pdb,ExoCarta_PDBQT_Files\SLC16A1_P53985.pdbqt,SUCCESS,
SLC3A2_P08195.pdb,ExoCarta_PDBQT_Files\SLC3A2_P08195.pdbqt,SUCCESS,
TCP1_P17987.pdb,ExoCarta_PDBQT_Files\TCP1_P17987.pdbqt,SUCCESS,
TFRC_P02786.pdb,ExoCarta_PDBQT_Files\TFRC_P02786.pdbqt,SUCCESS,
THBS1_P07996.pdb,ExoCarta_PDBQT_Files\THBS1_P07996.pdbqt,SUCCESS,
TKT_Q16832.pdb,ExoCarta_PDBQT_Files\TKT_Q16832.pdbqt,SUCCESS,
TPI1_P60174.pdb,ExoCarta_PDBQT_Files\TPI1_P60174.pdbqt,SUCCESS,
TSG101_Q99816.pdb,ExoCarta_PDBQT_Files\TSG101_Q99816.pdbqt,SUCCESS,
TUBA1C_Q9BQE3.pdb,ExoCarta_PDBQT_Files\TUBA1C_Q9BQE3.pdbqt,SUCCESS,
TUBB4B_P68371.pdb,ExoCarta_PDBQT_Files\TUBB4B_P68371.pdbqt,SUCCESS,
UBA1_P22314.pdb,ExoCarta_PDBQT_Files\UBA1_P22314.pdbqt,SUCCESS,
VCP_P55072.pdb,ExoCarta_PDBQT_Files\VCP_P55072.pdbqt,SUCCESS,
YWHAB_P31946.pdb,ExoCarta_PDBQT_Files\YWHAB_P31946.pdbqt,SUCCESS,
YWHAE_P62258.pdb,ExoCarta_PDBQT_Files\YWHAE_P62258.pdbqt,SUCCESS,
YWHAG_P61981.pdb,ExoCarta_PDBQT_Files\YWHAG_P61981.pdbqt,SUCCESS,
YWHAQ_P27348.pdb,ExoCarta_PDBQT_Files\YWHAQ_P27348.pdbqt,SUCCESS,
YWHAZ_P63104.pdb,ExoCarta_PDBQT_Files\YWHAZ_P63104.pdbqt,SUCCESS,
