Target No.,Protein,equal_.33/.33/.33,0.50/0.30/0.20,0.50/0.20/0.30,0.40/0.35/0.25,0.40/0.30/0.30
1,ANXA2,0.42408111122147174,0.4973741162995669,0.5497262627839207,0.4436259125756304,0.4659628284089547
1,LGALS3BP,0.4006711874979621,0.3996268631603314,0.3988809172048809,0.4003927010079273,0.40007443073360177
1,SDCBP,0.2272069021012096,0.25491771853560286,0.2747111588458838,0.23459645315038116,0.24304165434943437
1,FN1,0.20945165696987697,0.209451656969877,0.209451656969877,0.209451656969877,0.209451656969877
1,MFGE8,0.39850465802746043,0.3660096104131134,0.3427988621171513,0.38983931199696786,0.37993605939069075
1,GAPDH,0.3688185854136263,0.4428414135852146,0.49571486227920636,0.3885580062593832,0.41111734436881964
1,LDHA,0.4177108090085993,0.48032032944256736,0.5250414154668304,0.4344066811243241,0.45348767782800964
1,PGK1,0.4061156296368202,0.49552332492481316,0.5593859644162368,0.42995768171361837,0.4572057412299591
1,ALDOA,0.3209307670018836,0.37449679208568787,0.41275823857411953,0.3352150403575647,0.3515399241926289
1,ENO1,0.355221328924797,0.4264509035802387,0.4773291711912685,0.3742158821662482,0.3959239430136209
2,ANXA2,0.5158191037481168,0.42378320107672063,0.48831047380399334,0.45964656086137645,0.49191019722501284
2,LGALS3BP,0.2981112509122097,0.26613657333801155,0.30062142182286,0.2749759253370758,0.2922183495795001
2,FN1,0.6344376531215736,0.5017680758879624,0.5570470664019669,0.5630001884573214,0.5902144607103698
2,MFGE8,0.32584995881369994,0.2862113018569135,0.3234294836750954,0.2988290414855308,0.3174381323946217
2,SDCBP,0.4591867630772419,0.3786468112825295,0.4375801446158628,0.40929078235935695,0.4387574490260236
2,GAPDH,0.6056190454629663,0.45588435066138067,0.5182738068287079,0.5249926713390356,0.5557074805291045
2,LDHA,0.32098658261657914,0.31417987392486874,0.34327987392486875,0.309533899139895,0.324083899139895
2,PKM,0.31904025906675315,0.28124523708497823,0.3340876613274024,0.28806952300131594,0.314490735122528
2,TPI1,0.3276661621078746,0.31158409164666034,0.35862651588908456,0.30712060665066165,0.33064181877187376
2,PGK1,0.15711959622710991,0.18064191952631162,0.19744357902574142,0.1633922157735637,0.17056092382665375
3,ANXA2,0.5349932502066199,0.6273656328856876,0.6570535116735665,0.5630358396418834,0.5778797790358229
3,LGALS3BP,0.4010032043403064,0.39188965499530815,0.40883207923773235,0.3922750573295799,0.40074626945079195
3,SDCBP,0.4354536838979988,0.3988625594179532,0.37272604193220626,0.42569605070332006,0.41454446990940136
3,FN1,0.40840650248832944,0.33443786069761355,0.3652581281104118,0.3685772338317901,0.3837502885580908
3,CD44,0.5575794991333538,0.4500389456697277,0.49962379415457614,0.49968782320244876,0.5244802474448731
3,GAPDH,0.3741252636201998,0.33685759239999674,0.37244244088484524,0.34854274058666407,0.3663351648290883
3,ALDOA,0.29497770355132563,0.3020554627724904,0.3071110050733224,0.2968651060103029,0.2990221373919913
3,ENO1,0.37697742814455104,0.3728843240350085,0.3885934149440994,0.3706274592280068,0.3784820046825522
3,EEF1A1,0.31766309437571966,0.31526068615146774,0.31354468027700216,0.3170224521825858,0.31629028967614714
3,PKM,0.31861248552633414,0.3206898493321601,0.32217368062203583,0.3191664492078877,0.3197995505582347
4,FN1,0.4789685487823576,0.3795264982605108,0.420960685977947,0.425422829270594,0.4458211986084087
4,THBS1,0.43102215174986425,0.37820292459449345,0.4017877730793419,0.4028190063422614,0.41461143058468564
4,ANXA2,0.39201678432179654,0.38221911587663415,0.4403160855736039,0.3706686260346407,0.39971711088312556
4,MFGE8,0.2890269974238596,0.29401101950709724,0.29757103528083845,0.2903560699793896,0.29187501004285255
4,LGALS3BP,0.3209273387324168,0.3120682643246119,0.3057403540333227,0.3185649188903355,0.3158650104993854
4,GAPDH,0.21816701839423436,0.25695119723521714,0.28465418212163346,0.22850946608516312,0.24032940630336744
4,LDHA,0.3395986003012612,0.3444982503765765,0.34799800043037316,0.3409051736546786,0.3423984003442986
4,PGK1,0.34100133144827305,0.3468577249164019,0.3510408631079226,0.3425630363731074,0.3443478420014896
4,TPI1,0.2955088160832916,0.3154466261647205,0.329687919080027,0.3008255654383393,0.3069018504155367
4,ALDOA,0.5185217911190834,0.4790613298079452,0.4508752860142751,0.5079990014361132,0.49597295608414727
5,ITGB1,0.6033181763606038,0.4474545376580056,0.5123977204507547,0.5193916016745893,0.5513636301264043
5,ITGA6,0.2609245855926047,0.2471020299040585,0.2814596056616343,0.2450882905899135,0.26226707846870134
5,FN1,0.5268992874547614,0.3652846963639448,0.4326241093184517,0.4398760460981678,0.4730277570911558
5,MFGE8,0.4025635915281629,0.3442665994134565,0.41422720547406255,0.3582566128640985,0.3932369158944016
5,THBS1,0.44759544491037917,0.35227920701482746,0.391994306137974,0.39627131681277444,0.415823365611862
5,GAPDH,0.30055823332336495,0.25096765301535046,0.31678280453050195,0.2609774557456137,0.29388503150318945
5,LDHA,0.20455252324623374,0.2247815631487013,0.23923087736474954,0.20994693388689176,0.21611197461907233
5,ENO1,0.13643987439900884,0.17054984299876105,0.19491410628429837,0.14553586602560944,0.1559312850274387
5,PKM,0.13288300967303385,0.1661037620912923,0.18983287096147694,0.14174187698456944,0.15186629676918156
5,TKT,0.24731325668128495,0.30914157085160615,0.3533046524018357,0.26380080712670395,0.2826437219214685
6,FN1,0.7084202846501891,0.5838861209288417,0.6357753558127364,0.6413634272617713,0.6669088967430734
6,MFGE8,0.8027960636063587,0.7247086622947982,0.7572450795079483,0.7607490013616721,0.7767669298358385
6,THBS1,0.7566970181272088,0.6528528830388698,0.696121272659011,0.7007809453873338,0.7220823064310958
6,ITGB1,0.7522631876616138,0.6465188395165914,0.6905789845770174,0.6953239232758325,0.717015071613273
6,ITGA6,0.7386095789868335,0.6630136842669052,0.694511973733542,0.6979040972145644,0.7134109474135242
6,GAPDH,0.37726371948855225,0.33666245641221754,0.35357964936069025,0.3554015009089873,0.363729965129774
6,PGK1,0.7373216428734515,0.7373216428734515,0.7373216428734515,0.7373216428734515,0.7373216428734515
6,ALDOA,0.6398148108139572,0.6398148108139572,0.6398148108139572,0.6398148108139571,0.6398148108139571
6,LDHA,0.6398328801576909,0.6398328801576909,0.6398328801576909,0.6398328801576909,0.6398328801576909
6,ENO1,0.7023350155985557,0.7023350155985557,0.7023350155985557,0.7023350155985556,0.7023350155985556
7,LGALS3BP,0.1313705490822194,0.1313705490822194,0.1313705490822194,0.1313705490822194,0.1313705490822194
7,ANXA2,0.1062144700143487,0.1062144700143487,0.1062144700143487,0.1062144700143487,0.1062144700143487
7,FN1,0.34428831825449663,0.2689833117921381,0.3003603978181208,0.30373946862091894,0.3191866494337105
7,MFGE8,0.4065281975472751,0.27989742506753584,0.3326602469340938,0.3383423969812616,0.3643179400540286
7,THBS1,0.3289806170130192,0.24240088144717034,0.278475771266274,0.28236075940063904,0.30012070515773626
7,GAPDH,0.3661945311575003,0.30542075879642894,0.3307431639468753,0.33347019219384644,0.3459366070371432
7,PKM,0.136000335416327,0.136000335416327,0.136000335416327,0.136000335416327,0.136000335416327
7,TPI1,0.1182147603239901,0.1182147603239901,0.1182147603239901,0.11821476032399011,0.11821476032399011
7,PGK1,0.3374210965883577,0.3374210965883577,0.3374210965883577,0.3374210965883577,0.3374210965883577
7,EEF1A1,0.117152580305113,0.117152580305113,0.117152580305113,0.11715258030511301,0.11715258030511301
8,SLC3A2,0.2844610369558037,0.3204247810432394,0.3461131696771222,0.29405136871245324,0.30501174786290985
8,BSG,0.4075612477684502,0.4591485294075324,0.4959965877211626,0.4213178562055388,0.43703969441935436
8,ANXA2,0.37463051405865955,0.3979851122702941,0.41466696813574744,0.3808584069150955,0.38797599875102223
8,LGALS3BP,0.3361233636556294,0.3480329924483246,0.3565398701573927,0.3392992646670148,0.34292886582288384
8,SDCBP,0.19927506153446928,0.2351544329786926,0.2607825554388522,0.2088428939195955,0.2197775595025969
8,GAPDH,0.3102439978591963,0.2972872089100066,0.3367478149706127,0.2932231004613386,0.31295340349164164
8,LDHA,0.20346424570555185,0.23796667076830347,0.26261126009884034,0.21266489238895234,0.2231799171699814
8,ALDOA,0.2242165315305227,0.24148278562527464,0.2538158242643832,0.2288208659557899,0.23408296244180957
8,PGK1,0.28475403402169325,0.29836678495135893,0.3080901784725488,0.28838410093627076,0.2925327488386451
8,ENO1,0.4166159789465419,0.3771815441773887,0.4395603320561766,0.3821285686752443,0.41331796261463827
9,FN1,0.21136876998243628,0.2113687699824363,0.2113687699824363,0.2113687699824363,0.2113687699824363
9,ITGB1,0.3671570289239102,0.35261736156768353,0.3738082706585926,0.3549838892541468,0.36557934379960133
9,MFGE8,0.37085170244327326,0.4247767492662128,0.4632946398540268,0.38523171492939046,0.40166601491352444
9,THBS1,0.3330161601449744,0.38354292745394536,0.4196334755317817,0.34648996476070004,0.3618885986072436
9,ANXA2,0.3874960010319301,0.45527909219900353,0.5036955858897703,0.40557149200981635,0.42622919598454356
9,GAPDH,0.2635812149515123,0.273112882325754,0.2799212161644981,0.26612299291797675,0.2690278820225076
9,LDHA,0.27778939426014954,0.3011761367645808,0.31788095283917467,0.28402585892799787,0.29115324711982454
9,PKM,0.23682341842913346,0.2796656366727804,0.3102672211325283,0.24824800996077268,0.26130468599693174
9,TPI1,0.21253531690480845,0.23415399461585903,0.24959590726660946,0.21830029762775527,0.22488884702540882
9,ALDOA,0.239112072175442,0.24676887809809037,0.2522380251856964,0.24115388708814822,0.24348738984552679
10,LGALS3BP,0.2452132976452708,0.24651662205658856,0.24744756806467263,0.24556085082162224,0.24595805445173816
10,FN1,0.1831910782942121,0.1831910782942121,0.1831910782942121,0.18319107829421208,0.18319107829421208
10,THBS1,0.5991442301598117,0.49893028769976455,0.4273489002283024,0.5724205121704657,0.541879120182642
10,MFGE8,0.20557004740970747,0.22120498350455864,0.2323727950008809,0.2097393637016678,0.21450429660676532
10,ANXA2,0.3221409008639109,0.3057064291101917,0.293967520714678,0.3177583750629191,0.31274977414749994
10,GAPDH,0.1940850408916056,0.19836387687208273,0.2014201882867093,0.19522606381973284,0.19653009002330685
10,PGK1,0.1494700728833208,0.17108001534657524,0.18651568853461414,0.15523272420685533,0.16181861143375192
10,ALDOA,0.1441604996460065,0.1668672912241748,0.1830864280657236,0.15021564406685137,0.15713580911924555
10,ENO1,0.23087300783885226,0.2485912597985654,0.2612471540555033,0.23559787502810914,0.24099772324440266
10,TKT,0.3040314536146909,0.2933726503516969,0.2857592194495584,0.3011891060778925,0.2979407088929801
11,SLC3A2,0.30520512488284823,0.3148397394368936,0.32172160697549745,0.3077743554305936,0.3107106189137313
11,BSG,0.14885880097374452,0.15455834970202909,0.15862945593651812,0.1503786806346204,0.15211568596133573
11,ANXA2,0.2856533553048955,0.2673697244341497,0.25430998809790273,0.28077772040602994,0.2752055662358979
11,LGALS3BP,0.20401896225617466,0.21744794524446073,0.2270400759503794,0.20760002438638425,0.21169266682090956
11,SDCBP,0.23268510569679723,0.20903820030281475,0.19214755359282729,0.22637926425840194,0.2191725883288073
11,GAPDH,0.22514836702204274,0.2274960648381595,0.22917299184967152,0.22577441977300725,0.22648990863125235
11,LDHA,0.2253291289531135,0.24226747179745245,0.25436628811483747,0.22984602037827054,0.2350081820070215
11,PGK1,0.1756094353775239,0.19648149119160185,0.21139010248737183,0.18117531692794472,0.1875363244141399
11,ALDOA,0.267394007460381,0.267394007460381,0.267394007460381,0.267394007460381,0.267394007460381
11,PKM,0.18543875431434026,0.21725298834747075,0.23997744122827833,0.1939225500565084,0.2036183166189863
12,LGALS3BP,0.2765000526585677,0.28683718703533084,0.29422085444730456,0.2792566218257046,0.28240698658814667
12,ANXA2,0.27181659524820223,0.3185586228481316,0.35194578541950977,0.2842811359415167,0.29852632530530476
12,SDCBP,0.31857594740342177,0.3745835706179136,0.4145890157711221,0.333511313593953,0.35058030352598857
12,FN1,0.4167528972458783,0.31678985320839764,0.35844112155734786,0.3629266427641579,0.3834318825667181
12,MFGE8,0.27581852963838593,0.3017428590176794,0.3202602371457462,0.2827316841395309,0.2906324321408394
12,GAPDH,0.3227557242159151,0.2898396469299333,0.3384426772329636,0.29500838421061326,0.3193098993621284
12,ENO1,0.346904858011743,0.3918128906964969,0.4238900568998926,0.358880333394344,0.37256659097445954
12,LDHA,0.2919663088921228,0.28336461485333575,0.30782219061091143,0.2811883585493352,0.2934171464281231
12,PGK1,0.4012969691278138,0.38525757504613084,0.37380086498778603,0.3970197973726983,0.3921316010811379
12,TPI1,0.5406014014160783,0.6381759941943402,0.7078721318930989,0.5666212928236148,0.5963583115750852
13,FN1,0.6388471642513774,0.48449594893053927,0.5488089553142218,0.5557349713863107,0.5873967591444315
13,ITGB1,0.4780642275344671,0.3849054322107917,0.4580599776653371,0.41885434576863334,0.455431618495906
13,MFGE8,0.3412168784658209,0.3086798631532769,0.3376071358805496,0.3195238905226215,0.3339875268862579
13,THBS1,0.5631352509353876,0.49920893700914215,0.5182119673121725,0.5318638162739804,0.5413653314254955
13,LGALS3BP,0.522570666156454,0.566307514386196,0.5947832719619537,0.5315226781756235,0.5457605569635022
13,GAPDH,0.4323926201260747,0.3950283241285061,0.45449802109820303,0.39960599263613816,0.4293408411209867
13,LDHA,0.3360451381354452,0.348541271154155,0.35746708045323344,0.33937744027376787,0.34318578557470797
13,ALDOA,0.37843637991120593,0.41122729307082556,0.4346493738991254,0.38718062342043785,0.3971740445738458
13,ENO1,0.3498373132263852,0.3369832425668505,0.36684687893048695,0.33573659405348044,0.35066841223529865
13,PKM,0.4738778231420696,0.39125612865249837,0.4727258256221953,0.41638823625533194,0.4571230847401805
14,FN1,0.3566381458411842,0.28062592263026315,0.3122976823014802,0.3157084871891498,0.33130073810421057
14,ITGB1,0.2679105886191786,0.27367611456185204,0.27779434737804737,0.2694480622038915,0.27120517487213486
14,ANXA2,0.35769687177160436,0.38509985311195194,0.41012712583922467,0.3611498824895616,0.37366351885319793
14,MFGE8,0.3252070132226278,0.26836809559151753,0.33464688347030536,0.28258780980654735,0.31572720374594127
14,LGALS3BP,0.43130405206757527,0.3870088529632569,0.35536942503160107,0.4194919989730903,0.40599250972225054
14,GAPDH,0.2946575555914722,0.2609287576296326,0.2881499697508447,0.27299967277037274,0.2866102788309788
14,PGK1,0.19551070949724636,0.2086308111139822,0.21800231226879352,0.19900940326170927,0.20300791042109545
14,LDHA,0.2586740756869521,0.2518274430935386,0.24693699124110047,0.25684830699537514,0.2547617142050016
14,TPI1,0.2657624602724887,0.26311216624970174,0.2612190990905683,0.2650557151997455,0.2642480065451819
14,ALDOA,0.13950223192734015,0.1622565777879631,0.17850968197412234,0.14557005749017293,0.15250471527626755
15,FN1,0.49110646638728095,0.3822949519818299,0.42763308298410113,0.43251565093819194,0.454835961585464
15,ITGB1,0.19806501490179615,0.21424793529391184,0.22580716414542312,0.20238046033969367,0.20731239798300516
15,ANXA2,0.27157159124906904,0.29400994360679084,0.31003733814802076,0.27755515187779484,0.28439350688205295
15,LGALS3BP,0.35847418999326996,0.3480927374915875,0.34067741427610004,0.355705802659488,0.35254193142088003
15,HSP90AA1,0.4065123058409972,0.35803512542816246,0.4241684587614958,0.3672814336758633,0.40034810034252993
15,GAPDH,0.3969264235229445,0.36777751407229553,0.39597145346623497,0.3768086779245031,0.39090564762147284
15,LDHA,0.3231095427257419,0.32994753446778335,0.3348318142835274,0.3249330071902863,0.32701696657833706
15,PGK1,0.6304759047532836,0.6390039718506954,0.6450954483488468,0.6327500559792602,0.6353490859518047
15,ALDOA,0.30310219946267364,0.3194838099344026,0.331184960271352,0.3074706289218014,0.31246311973223306
15,ENO1,0.3081054431534584,0.3233136221236411,0.3341766071023432,0.3121609575455071,0.31679583113641996
16,FN1,0.1651906311202979,0.1651906311202979,0.1651906311202979,0.1651906311202979,0.1651906311202979
16,ITGB1,0.32728425801541156,0.3139538073677493,0.30443205690513353,0.323729471176035,0.31966685764531894
16,ANXA2,0.34428335092062173,0.3418693401659287,0.34014504676971935,0.34363961471937027,0.3429039162036543
16,LGALS3BP,0.24087303178632158,0.25139432003593226,0.2589095259285114,0.24367870865288443,0.2468851965003849
16,MFGE8,0.7159589459166001,0.6846456520927199,0.6622790136470912,0.7076087342302321,0.6980656351600972
16,GAPDH,0.3487853061550998,0.33658769329993526,0.32787511268910363,0.34553260939372255,0.3418152416664344
16,LDHA,0.18470657952829694,0.2048226183497651,0.21919121750795667,0.19007085654735512,0.1962014588548502
16,PKM,0.2313583858684204,0.24556161869916188,0.25570678500683436,0.2351459146232848,0.2394745189145584
16,PGK1,0.35601040914672766,0.34319482961522774,0.3340408442355851,0.35259292127166103,0.3486872208430135
16,TPI1,0.3590902017997452,0.32886275224968153,0.30727171685677895,0.35102954858639496,0.3418173734854231
17,FN1,0.2742970672343153,0.2742970672343153,0.2742970672343153,0.2742970672343153,0.2742970672343153
17,ITGB1,0.36782939227499317,0.3494837100407112,0.3363796513019384,0.3629372103458513,0.3573461452839749
17,ANXA2,0.2433859632320242,0.27089912070669686,0.2905513760457489,0.2507228052252703,0.25910776750326575
17,MFGE8,0.48908096621929903,0.45983605625897234,0.43894683485873903,0.481282323563212,0.4723695890991125
17,THBS1,0.5958777814670969,0.6115138935005378,0.6226825449529957,0.6000474113426811,0.6048127026290632
17,GAPDH,0.2586356632112263,0.2869309426503964,0.30714185653551807,0.2661810710616716,0.2748043943193235
17,ALDOA,0.30448768568817947,0.3212156677162849,0.33316422630778886,0.3089484808956742,0.3140465325613826
17,LDHA,0.2392618115053903,0.27907726438173786,0.30751687357912905,0.24987926560574966,0.2620134988633032
17,ENO1,0.3305810683842494,0.3411051233590996,0.3486223054839927,0.33338748304420945,0.3365948140841638
17,TKT,0.39894914807609055,0.386565222973901,0.37771956218662295,0.39564676804883997,0.39187261944626794
18,FN1,0.4431626900502841,0.3549467000718344,0.39170336256285504,0.3956617723695804,0.4137573600574675
18,THBS1,0.2196339998526085,0.2196339998526085,0.2196339998526085,0.21963399985260854,0.21963399985260854
18,MFGE8,0.320198733644975,0.25985533377853565,0.2849984170562187,0.28770613371689224,0.30008426702282853
18,ITGB1,0.1830483887659706,0.1830483887659706,0.1830483887659706,0.18304838876597057,0.18304838876597057
18,LGALS3BP,0.2147857056385032,0.2147857056385032,0.2147857056385032,0.2147857056385032,0.2147857056385032
18,GAPDH,0.22705374023436037,0.2270537402343604,0.2270537402343604,0.2270537402343604,0.2270537402343604
18,LDHA,0.2132922847003245,0.2132922847003245,0.2132922847003245,0.2132922847003245,0.2132922847003245
18,PGK1,0.1981046379393533,0.1981046379393533,0.1981046379393533,0.1981046379393533,0.1981046379393533
18,PKM,0.1866028093521001,0.1866028093521001,0.1866028093521001,0.1866028093521001,0.1866028093521001
18,ALDOA,0.20649470498617867,0.2064947049861787,0.2064947049861787,0.20649470498617872,0.20649470498617872
19,FN1,0.5521699822179318,0.4138142603113311,0.4714624777724147,0.47767074734514675,0.5060514082490649
19,ITGB1,0.44962361258075767,0.378059661295379,0.43887178250750014,0.40275439570296984,0.43316045630903044
19,ANXA2,0.4993868791763447,0.43574875048558254,0.3902929442778953,0.4824167115254748,0.4630222342101949
19,MFGE8,0.44142511245027727,0.38753896632042234,0.34904886194195456,0.42705547348231593,0.4106330289475031
19,LGALS3BP,0.27114026687658965,0.2546829093533128,0.24292765397954372,0.26675163820371584,0.26173606257757437
19,GAPDH,0.31808709166329163,0.2670700314343315,0.31203972840402844,0.2841893584807985,0.306674206965647
19,ENO1,0.23972652004754774,0.24147633187761655,0.24272619747052282,0.24019313653556607,0.2407264125218728
19,LDHA,0.2627250791400123,0.2526487731674396,0.24545141175845916,0.26003806421399295,0.256967190012828
19,PGK1,0.595144492662562,0.4939306158282025,0.4216349895179458,0.5681541255067327,0.5373079916143566
19,TPI1,0.29131783547588286,0.2992988094963687,0.30499950522528724,0.29344609521467907,0.29587839205901767
20,FN1,0.5603645097929282,0.4332350139898975,0.4862056372411603,0.49191016589898856,0.517988011191918
20,LGALS3BP,0.28925858414254124,0.30460353320847955,0.31556421111272126,0.29335057056012476,0.29802712646593454
20,ANXA2,0.35252028479498143,0.35089860901065395,0.40170769991974487,0.3366288872085232,0.36203343266306864
20,MFGE8,0.2627408124086292,0.26054722763199856,0.25898038136297674,0.26215585646819434,0.26148733539341174
20,ITGB1,0.46752231887604945,0.4051592358898319,0.46184711467771067,0.4255707220451988,0.4539146614391382
20,GAPDH,0.42469113780803636,0.39950640368175155,0.4394912521666,0.4026217896120679,0.42261421385449216
20,LDHA,0.33240016217237023,0.35065171786697796,0.3636885433631264,0.3372672436909323,0.34282962256928895
20,PKM,0.3193728742252119,0.34042821399363604,0.35546774239965334,0.32498763149679166,0.3314044969500257
20,ALDOA,0.432740076095246,0.40759176178572426,0.3896286801360659,0.42603385894604023,0.4183696107755193
20,ENO1,0.2105218036718315,0.2358795273170621,0.2539921870636554,0.21728386331055968,0.22501193146910614
