Target No.,Receptor,Group,Protein,STRING_combined,rec_40_25_20_15,usr_30_30_25_15,usr_50_20_20_10,exp_heavy_60_20_15_05,equal_25_25_25_25,text_lean_20_20_40_20
2,EGFR,A,ANXA2,0.958,0.41165,0.40265,0.4619,0.46675,0.38375,0.48860000000000003
2,EGFR,A,LGALS3BP,0.5,0.108,0.13185,0.1038,0.07574999999999998,0.14024999999999999,0.2076
2,EGFR,A,FN1,0.944,0.3205,0.33705,0.3428,0.31935,0.33625000000000005,0.45200000000000007
2,EGFR,A,MFGE8,0.554,0.12925,0.14885,0.131,0.10805,0.15300000000000002,0.22119999999999998
2,EGFR,A,SDCBP,0.856,0.1956,0.23385,0.1979,0.15745,0.23600000000000002,0.3598
2,EGFR,B,GAPDH,0.955,0.47885000000000005,0.441,0.5544000000000001,0.5899,0.40675,0.4856000000000001
2,EGFR,B,LDHA,0.451,0.09675,0.1191,0.09430000000000001,0.06949999999999999,0.124,0.18860000000000002
2,EGFR,B,PKM,0.606,0.18135,0.19205,0.1953,0.18215,0.18875000000000003,0.2594
2,EGFR,B,TPI1,0.548,0.18365,0.18359999999999999,0.2034,0.20109999999999997,0.17725000000000002,0.23
3,EpCAM / EPCAM,A,ANXA2,0.469,0.0938,0.11725,0.0938,0.07035,0.11725,0.1876
3,EpCAM / EPCAM,A,LGALS3BP,0.487,0.1042,0.12815,0.10139999999999999,0.07465,0.13375,0.20279999999999998
3,EpCAM / EPCAM,A,FN1,0.581,0.12265,0.1517,0.1205,0.08929999999999999,0.156,0.241
3,EpCAM / EPCAM,A,CD44,0.971,0.1942,0.24275,0.1942,0.14565,0.24275,0.3884
3,EpCAM / EPCAM,B,GAPDH,0.591,0.1148,0.1435,0.1148,0.0861,0.1435,0.2296
3,EpCAM / EPCAM,B,ENO1,0.448,0.08960000000000001,0.112,0.08960000000000001,0.0672,0.112,0.17920000000000003
4,Tissue Factor / F3,A,FN1,0.711,0.1504,0.1856,0.1472,0.10879999999999998,0.192,0.2944
4,Tissue Factor / F3,A,THBS1,0.631,0.13665,0.16695,0.1315,0.09605,0.17725,0.263
4,Tissue Factor / F3,A,ANXA2,0.644,0.13670000000000002,0.16855,0.13360000000000002,0.09865,0.17475000000000002,0.26720000000000005
5,ICAM1 / CD54,A,ITGB1,0.967,0.2043,0.2526,0.2006,0.1486,0.26,0.4012
5,ICAM1 / CD54,A,ITGA6,0.426,0.09185000000000001,0.11274999999999999,0.08910000000000001,0.06545,0.11825,0.17820000000000003
5,ICAM1 / CD54,A,FN1,0.904,0.18885000000000002,0.234,0.18610000000000002,0.1382,0.23950000000000002,0.37220000000000003
5,ICAM1 / CD54,A,MFGE8,0.799,0.1675,0.20735,0.1648,0.12225,0.21275000000000002,0.3296
5,ICAM1 / CD54,A,THBS1,0.67,0.14125000000000001,0.17405,0.13790000000000002,0.10175000000000001,0.18075000000000002,0.27580000000000005
5,ICAM1 / CD54,B,GAPDH,0.663,0.1605,0.18485,0.1655,0.13904999999999998,0.1855,0.2742
6,αvβ3 integrin / ITGAV–ITGB3,A,FN1,0.999,0.8148,0.81185,0.8674999999999999,0.91545,0.718,0.7734000000000001
6,αvβ3 integrin / ITGAV–ITGB3,A,MFGE8,0.985,0.3706,0.3772,0.4106,0.40179999999999993,0.3605,0.4836
6,αvβ3 integrin / ITGAV–ITGB3,A,THBS1,0.999,0.8266,0.8227500000000001,0.8782,0.92485,0.73275,0.7860000000000001
6,αvβ3 integrin / ITGAV–ITGB3,A,ITGB1,0.999,0.72885,0.7520500000000001,0.749,0.76445,0.6839999999999999,0.746
6,αvβ3 integrin / ITGAV–ITGB3,A,ITGA6,0.915,0.3509,0.4033,0.33530000000000004,0.30779999999999996,0.37375,0.45460000000000006
6,αvβ3 integrin / ITGAV–ITGB3,B,GAPDH,0.472,0.09675,0.1191,0.09430000000000001,0.06949999999999999,0.124,0.18860000000000002
7,MUC1,A,FN1,0.52,0.11120000000000001,0.13675,0.10820000000000002,0.07965,0.14275,0.21640000000000004
7,MUC1,A,MFGE8,0.702,0.16880000000000003,0.19835000000000003,0.1688,0.13465,0.20525000000000002,0.30080000000000007
7,MUC1,A,THBS1,0.531,0.09790000000000001,0.10045,0.1046,0.09895,0.10175,0.1308
7,MUC1,B,GAPDH,0.508,0.13175,0.14575,0.13730000000000003,0.12045,0.14725000000000002,0.20740000000000003
8,GLUT5 / SLC2A5,B,GAPDH,0.494,0.15030000000000002,0.1689,0.1438,0.1333,0.16,0.1874
8,GLUT5 / SLC2A5,B,ENO1,0.745,0.15139999999999998,0.18714999999999998,0.14859999999999998,0.11005,0.19275,0.29719999999999996
9,TEM8 / ANTXR1,A,ITGB1,0.481,0.12405000000000001,0.13885,0.127,0.10845,0.143,0.20040000000000002
12,PD-L1 / CD274,A,FN1,0.65,0.13,0.1625,0.13,0.0975,0.1625,0.26
12,PD-L1 / CD274,B,GAPDH,0.583,0.1152,0.144,0.1152,0.08639999999999999,0.144,0.2304
12,PD-L1 / CD274,B,LDHA,0.407,0.08805000000000002,0.10800000000000001,0.08530000000000001,0.0626,0.1135,0.17060000000000003
13,CD44,A,FN1,0.999,0.55,0.6156,0.5312,0.5076,0.5619999999999999,0.6488
13,CD44,A,ITGB1,0.957,0.29455,0.31889999999999996,0.31170000000000003,0.2819,0.3185,0.4426
13,CD44,A,MFGE8,0.522,0.10945,0.13505,0.1071,0.07915,0.13975,0.2142
13,CD44,A,THBS1,0.767,0.164,0.20035,0.1578,0.11524999999999999,0.21275,0.3156
13,CD44,A,LGALS3BP,0.549,0.11745000000000001,0.1443,0.11410000000000001,0.0839,0.15100000000000002,0.22820000000000001
13,CD44,B,GAPDH,0.745,0.1522,0.18814999999999998,0.1494,0.11064999999999998,0.19375,0.2988
13,CD44,B,ENO1,0.495,0.18625,0.17055,0.21030000000000001,0.22085,0.16625,0.18700000000000003
13,CD44,B,PKM,0.965,0.2048,0.253,0.2008,0.14859999999999998,0.261,0.4016
14,AXL,A,FN1,0.534,0.11685000000000001,0.14085,0.1099,0.07894999999999999,0.15475,0.2198
14,AXL,A,ANXA2,0.403,0.0806,0.09670000000000001,0.0752,0.053700000000000005,0.1075,0.1504
14,AXL,A,MFGE8,0.704,0.17405000000000004,0.20165000000000002,0.17740000000000003,0.14645,0.20500000000000002,0.3012000000000001
14,AXL,B,GAPDH,0.471,0.09780000000000001,0.12015,0.095,0.06985,0.12575,0.19
15,MET / c-MET,A,FN1,0.745,0.15889999999999999,0.1954,0.1546,0.1138,0.204,0.3092
15,MET / c-MET,A,HSP90AA1,0.768,0.30685,0.2798,0.3555,0.38020000000000004,0.259,0.303
15,MET / c-MET,B,GAPDH,0.568,0.11320000000000001,0.13970000000000002,0.11080000000000001,0.0819,0.14450000000000002,0.22160000000000002
18,CSPG4,A,FN1,0.649,0.1431,0.1734,0.1358,0.0982,0.188,0.2716
18,CSPG4,A,MFGE8,0.461,0.10035000000000001,0.12135,0.09490000000000001,0.06845,0.13225,0.18980000000000002
19,IGF1R,A,FN1,0.875,0.17500000000000002,0.21875,0.17500000000000002,0.13125,0.21875,0.35000000000000003
19,IGF1R,A,ITGB1,0.836,0.3037,0.3045,0.3359,0.3312,0.29425,0.383
19,IGF1R,B,GAPDH,0.6,0.1166,0.14575,0.1166,0.08744999999999999,0.14575,0.2332
20,CXCR4,A,FN1,0.857,0.17120000000000002,0.214,0.17120000000000002,0.1284,0.214,0.34240000000000004
20,CXCR4,A,ANXA2,0.559,0.11180000000000001,0.13975,0.11180000000000001,0.08385000000000001,0.13975,0.22360000000000002
20,CXCR4,A,ITGB1,0.819,0.1553,0.19255,0.1532,0.11385,0.19675,0.3064
20,CXCR4,B,GAPDH,0.635,0.1283,0.1588,0.1262,0.0936,0.163,0.2524
